id,date,generation,source,path,sha256,width,height,status,queued_at,approved_by,approved_at,approval_mode
0404308ab10b47599aa73dddbbede769,2026-09-18,be72bd7be64d45958706e7ddaba7cb92,iskcon_hyderabad,docs/images/4d5b5616-f05a-4dbb-8225-f23188ffce83_2026-09-18_iskcon_hyderabad.jpg,36b9e7719831fff46a2933b807abf53bfac4fab33d0fb352bb544e203397d942,,,APPROVED,,919535507255,2026-09-18T12:11:44.981096+05:30,
097ed0df79de4cd993f12b54474bef1c,2026-09-22,42b56ae208e449af9d52811f5018ec32,salangpur,docs/images/4bf624a5-4884-421d-a9e7-f5bcd944be45_2026-09-22_salangpur.jpg,8c981fc7ca0e4b96147f0a3decb1dcf5cfac90acb79e1f6a671dbbad591257af,,,APPROVED,,919535507255,2026-09-22T10:31:17.479610+05:30,
0d514dcf25404b79ba6ff662f0cbf0ed,2026-09-17,6fd84d6d3bba41b999106fa27a4fb43e,swaminarayan,docs/images/9bc6de36-202a-4e67-966a-eb2d8b77b43c_2026-09-17_swaminarayan.jpg,74831bc824be6acc6c4c020908b0224a99fd9df076ad787ff1ce6589ed32ecea,,,APPROVED,,919535507255,2026-09-17T15:19:14.854902+05:30,
19fc14f13b084d01b955897bcbe444e3,2026-10-05,dd995d29d6e84927885fd227d8b1fc23,mahakal,docs/images/9db37231-6db8-4c20-a603-8d56f143ee0c_2026-10-05_mahakal.jpg,7105a5f2db5b632f1752cd52623bb2e308a6c4e8c2bc874fc4b41536ff9510d2,4559,6078,APPROVED,2026-10-05T12:16:05.341121+05:30,919535507255,2026-10-05T12:16:59.944720+05:30,MANUAL
1bd18e30379b4c08b232dd8fd7fe1618,2026-09-23,7a8731fb87a8499aa5865ba9e1694361,iskcon_hyderabad,docs/images/fae2ef7e-d072-46e2-885c-4f1215e1c3bb_2026-09-23_iskcon_hyderabad.jpg,7ee15d8b27caf9beb8a8f86a8e68cf6ff40304966de7ceb6e8eab3eabff9a134,,,SUPERSEDED,,,,
1ed8e0015e7d4519b6629d6edd336f94,2026-09-16,0d36d402b82d4051a96d6ccbf8d06da8,iskcon_bangalore,docs/images/98b37097-c45e-44cc-9fdd-f59b7a734a98_2026-09-16_iskcon_bangalore.jpg,880c9ebee6b95c3d8ca77885b7b7d3f829f9042c5612d98dc8f2e7dbc3d7bcb4,,,PENDING,,,,
252064b81d42430a93587422614c4b05,2026-10-01,4ca23c1c8f3a473b8071793f927fa297,iskcon_hyderabad,docs/images/49ad84ce-f47e-4f24-be79-c3cad0912184_2026-10-01_iskcon_hyderabad.jpg,6457d30968d827afd9d69345109a5e688547c21410c28c3a05d6a3a7f5910bad,1355,1600,APPROVED,2026-10-01T11:59:01.302056+05:30,system:image_auto_approved,2026-10-01T12:29:20.548277+05:30,AUTO_TIMEOUT
263bae7d4f9b4803b5b5857e6001d39e,2026-09-25,d16432deed564386aaee1290a5fa36f9,iskcon_vrindavan,docs/images/f26ebd70-1523-482a-af6d-a5a7710b0a0d_2026-09-25_iskcon_vrindavan.jpg,aaa2ba3e3bd9ccf4c1d205bf685a161ff1e79634227946e90d9c636b194a8347,,,SUPERSEDED,,,,
305ca8ac279f4a51a18768e26e2920c9,2026-09-21,7056e65eb3ed4ad88fdad6482be5d876,mahakal,docs/images/d2a047a3-f4f6-4cd4-8c55-284252593cd8_2026-09-21_mahakal.jpg,be438c4797b8772cb0cde2f2feeaeb6dfe81a333b9d92e98cfa52e542c2f844a,,,SUPERSEDED,,919535507255,2026-09-21T12:11:32.683629+05:30,
427929ed8d8547bd9c217207c6305d91,2026-09-27,62c2125569ed4c7faf0d1f4b29d01f70,iskcon_hyderabad,docs/images/e9552baf-f4d2-4491-993a-b95d51c702de_2026-09-27_iskcon_hyderabad.jpg,78b34c28607ab54d55135f9d2a2022f0abe780d35b06a61cbe853545c99efad3,,,APPROVED,,919535507255,2026-09-27T14:15:22.213552+05:30,
4a18f1fa84cf4945a6e9d99dd087bb88,2026-09-23,7a8731fb87a8499aa5865ba9e1694361,iskcon_bangalore,docs/images/10c30e37-aee1-45ad-ba90-0458ca981a85_2026-09-23_iskcon_bangalore.jpg,0f6828d304c8893088d0643a27ba5baf51f09dd0d0f3070749a5096bfd3836fd,,,SUPERSEDED,,,,
54f1f2f2f801449ba684486973400767,2026-09-28,481857606a114247a6d5780905726059,mahakal,docs/images/e04c4e84-bcf3-45ac-9913-ad9d86c9b49f_2026-09-28_mahakal.jpg,d9ed13743d963bb2df0eeb1e974fd97df2c9dbad929dfc93547098041ce7f79f,,,APPROVED,,919535507255,2026-09-28T11:25:16.496740+05:30,
674f65741bd84f9892c6c094abf82646,2026-10-02,9b79a4fc87c542a3ab47a9c78142cfa6,iskcon_hyderabad,docs/images/df5d1789-8973-4885-bac7-1dc0c2181d8d_2026-10-02_iskcon_hyderabad.jpg,57074ebba1b71d66368fc35911eb55300632e6f2f9ff218361efef55618e4246,1331,1600,SUPERSEDED,2026-10-02T14:56:20.491526+05:30,,,
6e63b1394c0f4082860b346ae813f7ab,2026-09-20,1925aeb5a1d6441c8344520ca9abaa8e,iskcon_bangalore,docs/images/9d67a8e6-7cf8-4b50-acb2-fd74f83d354d_2026-09-20_iskcon_bangalore.jpg,0572a788ea5b95927ec9f71d1c3e1490c6e16ecbead4405da3b61df210aadef7,,,APPROVED,,919535507255,2026-09-20T12:08:30.025348+05:30,
71276ad16d4043d4823065c06209ca50,2026-09-26,068115feff0e4ed8ae3576036133c485,iskcon_mumbai,docs/images/059aee8f-89cf-455c-9566-6a676b63482b_2026-09-26_iskcon_mumbai.jpg,92147d96ac862aecc4fe664e85c472507abdc88f4f7c8e64c487095b77e7e71d,,,PENDING,,,,
739e3855db17475facba33f4cebaf25d,2026-09-17,6fd84d6d3bba41b999106fa27a4fb43e,iskcon_hyderabad,docs/images/bccf33b2-732e-4733-9bc4-3ec07be1e308_2026-09-17_iskcon_hyderabad.jpg,01ea6745d0a4dec94da8bb9a466eea32e5a2ca3a7a293b18c084bfc7f32c373e,,,SUPERSEDED,,,,
74c1ea782df8415a93096d29d8f33b03,2026-10-03,1609e7cb3810401a894b3bed28756292,iskcon_hyderabad,docs/images/970ac885-b35a-4f0b-abee-351e8b4e4c94_2026-10-03_iskcon_hyderabad.jpg,761646eeef97d2df29bf242c021604c07542aaca9fba031605b492f5e23f1cd6,1303,1600,APPROVED,2026-10-03T12:16:10.375242+05:30,system:image_auto_approved,2026-10-03T12:46:30.051075+05:30,AUTO_TIMEOUT
8607c38fb93546739955f7d7e17352ae,2026-09-16,0d36d402b82d4051a96d6ccbf8d06da8,iskcon_hyderabad,docs/images/752429f1-9cb0-45ec-9224-03781a9c6009_2026-09-16_iskcon_hyderabad.jpg,8ce01d79f99ee11b8cc42313922ba7d4de1a81209a194bb6c946107ea04d9a5c,,,PENDING,,,,
913c39a50c2141b5a836037cd519e649,2026-09-25,d16432deed564386aaee1290a5fa36f9,iskcon_mumbai,docs/images/1c0a79c8-8216-4549-a0ca-8bd85ce42ff7_2026-09-25_iskcon_mumbai.jpg,667c92c92223837d800b75cc0a7da6e53c1deb494369ed9ee7dc9ad6681f6bfc,,,APPROVED,,919535507255,2026-09-25T11:53:52.332592+05:30,
a81d8619ff0f413a8cd2e243e3a8c1f5,2026-09-23,d3e69c0794534f56aab8f9863c53a4f3,iskcon_bangalore,docs/images/10c30e37-aee1-45ad-ba90-0458ca981a85_2026-09-23_iskcon_bangalore.jpg,0f6828d304c8893088d0643a27ba5baf51f09dd0d0f3070749a5096bfd3836fd,,,SUPERSEDED,,,,
bb2c3d0a274f4c7eb591f389a11c2769,2026-10-03,1609e7cb3810401a894b3bed28756292,iskcon_vrindavan,docs/images/a69fb5dc-5b9c-4bd4-ba39-f673b3d74862_2026-10-03_iskcon_vrindavan.jpg,1bab3133e14a1791dfa706814f497b1fe2ac38f624b97c8c8a09197ef41e9f3c,1537,1026,SUPERSEDED,2026-10-03T12:16:10.375242+05:30,,,
c5c1fbe0076043118884c20f5f629c33,2026-10-04,01a85eddf4b8478f8163b4df55c527c5,iskcon_hyderabad,docs/images/c27cb9bc-28f5-4667-89cc-6533230700b5_2026-10-04_iskcon_hyderabad.jpg,b1a3e410e383230dcb70b3dd816af4ed3ecfd49b7981a78076ce917ecf6b302a,1342,1600,SUPERSEDED,2026-10-04T12:16:01.811505+05:30,,,
c8679d39f88949058503f82607336f04,2026-09-30,9d4696092525446ab72278c707b42eed,iskcon_hyderabad,docs/images/7ce161bf-94fc-4d7e-b26f-efbcba392c67_2026-09-30_iskcon_hyderabad.jpg,109a55b255ee0984cf640ebace6523d0c8df7d55d0bc414df1111c633848fa54,1323,1600,APPROVED,2026-09-30T11:59:12.262083+05:30,system:image_auto_approved,2026-09-30T12:30:03.420378+05:30,AUTO_TIMEOUT
cb32e3b5fdd84af6a7b1d4fc7033d389,2026-09-26,c71c1c60ca834a3d8f0e439f9deb7a55,iskcon_mumbai,docs/images/059aee8f-89cf-455c-9566-6a676b63482b_2026-09-26_iskcon_mumbai.jpg,fbe69406c515ff89a6098a996d0539a76e3d3bb30d59a9606d43ca649065a6d6,,,SUPERSEDED,,,,
cbdd049fff1c4966a72c8cc0ab2dfc70,2026-10-02,9b79a4fc87c542a3ab47a9c78142cfa6,iskcon_mumbai,docs/images/26e0a22a-94a7-4f03-bdfa-01f5f0d9e593_2026-10-02_iskcon_mumbai.jpg,682c86ae27873bb377efdf40a957f9afd30880251fc3203e3542eaf4175e7ef0,1600,1104,APPROVED,2026-10-02T14:56:20.491526+05:30,919535507255,2026-10-02T14:57:37.851201+05:30,MANUAL
dd4bd6fd19634420ade9624f96a87052,2026-10-06,0842274858f34cd89b413224c7f1a0dc,salangpur,docs/images/a97d7efa-060c-4e0c-9062-c280d6f4f0f0_2026-10-06_salangpur.jpg,973c8f18c0401e4baf72b718815a577d1f603518fcdce669feab18262c9cec0b,960,1280,SUPERSEDED,2026-10-06T12:16:06.539391+05:30,,,
de09fb640ef04df584b33d004216edb9,2026-10-03,1609e7cb3810401a894b3bed28756292,iskcon_mumbai,docs/images/f6b9f113-e9a4-41f2-9db9-9db80c2dda26_2026-10-03_iskcon_mumbai.jpg,aeeb0df262033adf426985c0863abddbe20bf231f0435da5ca1524b5cd702af3,1600,1037,SUPERSEDED,2026-10-03T12:16:10.375242+05:30,,,
e28a993d87084ce7a17c5f5c7c0c6eb4,2026-09-29,91fb4fdb0d7a4890bb2d6b5e68b12c9d,salangpur,docs/images/0037ce27-815b-4042-a90a-a04487b8eb7a_2026-09-29_salangpur.jpg,19d93fee88dfeda7f5db18efc12efe3acff52432908f21fc292cf3bc0b09e233,,,APPROVED,,919535507255,2026-09-29T14:45:24.227151+05:30,
ed82f58f760c458ebeb4e398c52fa841,2026-09-23,d3e69c0794534f56aab8f9863c53a4f3,iskcon_hyderabad,docs/images/fae2ef7e-d072-46e2-885c-4f1215e1c3bb_2026-09-23_iskcon_hyderabad.jpg,7ee15d8b27caf9beb8a8f86a8e68cf6ff40304966de7ceb6e8eab3eabff9a134,,,APPROVED,,919535507255,2026-09-23T13:20:12.353770+05:30,
f071c33ab1b24f2a8d8394ea4261d5eb,2026-10-04,01a85eddf4b8478f8163b4df55c527c5,iskcon_bangalore,docs/images/586b844b-b5e6-474d-b2f6-31c152093547_2026-10-04_iskcon_bangalore.jpg,eeca96b7f097a662cf60a77982947a0e55a465d2639885b3b42a54ef877a5220,2047,2560,APPROVED,2026-10-04T12:16:01.811505+05:30,system:image_auto_approved,2026-10-04T12:46:17.672819+05:30,AUTO_TIMEOUT
f40ac874970246229b6d4fe7ff099e1a,2026-09-19,d675a9d013fb4ecdb86dfa9d227cd799,iskcon_mumbai,docs/images/8c8a9368-7505-4ec1-bb42-07c67215e85f_2026-09-19_iskcon_mumbai.jpg,21e38e198fb117a5d9d49ac005e98a623c4a37a0860a6c96d82e61514e91e282,,,APPROVED,,919535507255,2026-09-19T11:25:47.229568+05:30,
fa531d0eac104af7a2ece1da937b04eb,2026-09-26,068115feff0e4ed8ae3576036133c485,iskcon_hyderabad,docs/images/4a0336c3-9205-432e-a21f-abccc137f530_2026-09-26_iskcon_hyderabad.jpg,be7e3c4ca3d97a5e4c074bfa23c9591e52b531910f49580f1286638be710e51c,,,PENDING,,,,
fb3c362ba74847ab9e3a1a79db7295a7,2026-10-02,9b79a4fc87c542a3ab47a9c78142cfa6,iskcon_vrindavan,docs/images/2f6cf952-fd77-4be0-8bef-244660ae187b_2026-10-02_iskcon_vrindavan.jpg,502a7b4fbe9cb38cf2a779ced83bad3d95a5af50b4083ee43bd4c9287cfa3855,1537,1026,SUPERSEDED,2026-10-02T14:56:20.491526+05:30,,,
fdb60c3f01f741e2a00b6ebe02d8281f,2026-09-25,d16432deed564386aaee1290a5fa36f9,iskcon_hyderabad,docs/images/8e67256b-4d04-4a3e-a6bf-bebc404854df_2026-09-25_iskcon_hyderabad.jpg,34f3fdc9b96921a1ac44b450f6598f5e7a989c14eacede434fb8ab2b711d29cc,,,SUPERSEDED,,,,
fec12bfab9234975bf9d9ebd50064427,2026-09-21,38bee76594d74623903e2ab605828410,mahakal,docs/images/d2a047a3-f4f6-4cd4-8c55-284252593cd8_2026-09-21_mahakal.jpg,cd7a89db4117fe2eece00a9df95018239f3626ed89b60396e46c53157ed67e54,,,APPROVED,,919535507255,2026-09-21T21:27:26.925235+05:30,
fede9ddc7247453aa9235eb275f14656,2026-09-24,a45253079d5a4530a815310ecf85381d,iskcon_hyderabad,docs/images/1e29cb9f-26e6-403b-8de6-96be91709ba7_2026-09-24_iskcon_hyderabad.jpg,18c5d4db09c55eafca81dcb2116a1219efeaa13e4d35f348c90e4a2fce271cc3,,,APPROVED,,919535507255,2026-09-24T13:38:31.346221+05:30,
a84944e281b14488aa0dffa2725e08e9,2026-10-06,6b8024844bf4445fa7d67df780204585,salangpur,docs/images/a97d7efa-060c-4e0c-9062-c280d6f4f0f0_2026-10-06_salangpur.jpg,973c8f18c0401e4baf72b718815a577d1f603518fcdce669feab18262c9cec0b,960,1280,PENDING,2026-10-06T16:25:04.444949+05:30,,,
