timestamp,event,mobile,details
2026-08-19T15:04:51.475346,PAYMENT_CREATED,9199,DD2608190001
2026-08-19T15:04:51.482360,PAYMENT_CREATED,9199,DD2608190002
2026-08-26T16:20:27.487706,IMAGE_FETCH_FAILED,,iskcon_bangalore:invalid
2026-08-26T16:20:28.685430,IMAGE_FETCH_FAILED,,iskcon_vrindavan:no-candidate
2026-08-26T16:20:31.166360,IMAGE_FETCH_FAILED,,mayapur:invalid
2026-08-26T16:20:31.166627,IMAGE_FALLBACK_AVAILABLE,,docs/images/fallback.jpg:All image sources failed for 2026-08-26
2026-08-26T16:26:58.165477,IMAGE_FETCH_FAILED,,iskcon_vrindavan:no-candidate
2026-08-26T16:27:00.988286,IMAGE_FETCH_SUCCESS,,mayapur:17662795b541bf2376b194f19748173fb868de1efd94e9d443ceff9e53ab623c
2026-08-26T16:47:28.134715,IMAGE_FETCH_FAILED,,iskcon_vrindavan:no-candidate
2026-08-26T16:47:29.538667,IMAGE_FETCH_SUCCESS,,mayapur:17662795b541bf2376b194f19748173fb868de1efd94e9d443ceff9e53ab623c
2026-08-26T17:18:04.599992,IMAGE_FETCH_SUCCESS,,iskcon_vrindavan:678ff32d253f863542e0932ee049371c2ea9d0348e8732f4e6ddb7fd8c9db387
2026-08-26T18:54:39.806653,IMAGE_FETCH_FAILED,,swaminarayan:no-candidate
2026-08-26T18:54:42.081633,IMAGE_FETCH_FAILED,,iskcon_bangalore:no-candidate
2026-08-26T18:54:42.082240,IMAGE_FETCH_SUCCESS,,iskcon_tirupati:954bf074994ba2e0dd30033f498bfde67dde78e878319a95b4a52f239fa8abb0
2026-08-26T19:17:50.158759,IMAGE_FETCH_FAILED,,iskcon_tirupati:no-candidate
2026-08-26T19:17:51.430147,IMAGE_FETCH_FAILED,,swaminarayan:no-candidate
2026-08-26T19:17:54.057687,IMAGE_FETCH_FAILED,,iskcon_bangalore:no-candidate
2026-08-26T19:17:54.064944,IMAGE_FALLBACK_AVAILABLE,,docs/images/fallback.jpg:All image sources failed for 2026-08-27
2026-08-27T15:22:36.620935,IMAGE_FETCH_FAILED,,iskcon_tirupati:no-candidate
2026-08-27T15:22:44.283810,IMAGE_FETCH_SUCCESS,,swaminarayan:d34ee45ed1deb86814e8175825e2d346fcc7a61c93939912a21f92e268dba2f6
2026-08-27T16:18:57.150205,WHATSAPP_SEND_FAILED,9535507255,"http_400:{""error"":{""message"":""Unsupported post request. Object with ID 'messages' does not exist, cannot be loaded due to missing permissions, or does not support this operation. Please read the Graph API docu"
2026-08-28T12:53:20.471957,IMAGE_FETCH_SUCCESS,,iskcon_bangalore:83e22ea352e7f92c090eff1cdfcce18be77d33bc616d6d763a058d8aeaa1641f
2026-08-28T16:46:42.693321,IMAGE_FETCH_SUCCESS,,iskcon_bangalore:83e22ea352e7f92c090eff1cdfcce18be77d33bc616d6d763a058d8aeaa1641f
2026-08-28T17:15:26.662842,WHATSAPP_SEND_FAILED,9535507255,"http_400:{""error"":{""message"":""Unsupported post request. Object with ID 'messages' does not exist, cannot be loaded due to missing permissions, or does not support this operation. Please read the Graph API docu"
2026-08-29T11:16:05.693415,IMAGE_FETCH_SUCCESS,,salangpur:a385a148c78cb39b884aa0d87270c5aaf5e7405f85f70ecc44b848cd16dd3353
2026-08-29T11:32:38.461738,WHATSAPP_SEND_FAILED,9535507255,"http_400:{""error"":{""message"":""Unsupported post request. Object with ID 'messages' does not exist, cannot be loaded due to missing permissions, or does not support this operation. Please read the Graph API docu"
2026-08-29T20:23:58.914914,IMAGE_FETCH_FAILED,,iskcon_vrindavan:no-candidate
2026-08-29T20:24:02.750713,IMAGE_FETCH_FAILED,,iskcon_bangalore:no-candidate
2026-08-29T20:24:02.751464,IMAGE_FETCH_SUCCESS,,mayapur:c4ec0828545dd21156405bc3c07c55449835133a62b6ba49c3afb00cd76c7ad4
2026-08-29T20:32:29.714909,IMAGE_FETCH_FAILED,,iskcon_bangalore:no-candidate
2026-08-29T20:32:29.722923,IMAGE_FETCH_SUCCESS,,mahakal:bcdcccfb2410f1913b9b50836af5a685b5582625b34b9f5fd09481f49d47cf48
2026-08-29T20:32:39.508751,IMAGE_FETCH_FAILED,,iskcon_bangalore:no-candidate
2026-08-29T20:32:39.510571,IMAGE_FETCH_SUCCESS,,salangpur:a385a148c78cb39b884aa0d87270c5aaf5e7405f85f70ecc44b848cd16dd3353
2026-08-29T20:32:43.832147,IMAGE_FETCH_FAILED,,iskcon_bangalore:no-candidate
2026-08-29T20:32:48.682530,IMAGE_FETCH_SUCCESS,,iskcon_vrindavan:678ff32d253f863542e0932ee049371c2ea9d0348e8732f4e6ddb7fd8c9db387
2026-08-29T20:32:52.436176,IMAGE_FETCH_FAILED,,iskcon_tirupati:no-candidate
2026-08-29T20:32:53.798362,IMAGE_FETCH_FAILED,,swaminarayan:no-candidate
2026-08-29T20:32:55.949506,IMAGE_FETCH_FAILED,,iskcon_bangalore:no-candidate
2026-08-29T20:32:55.955182,IMAGE_FALLBACK_AVAILABLE,,docs/images/fallback.jpg:All image sources failed for 2026-08-27
2026-08-29T20:33:03.097109,IMAGE_FETCH_SUCCESS,,iskcon_bangalore:83e22ea352e7f92c090eff1cdfcce18be77d33bc616d6d763a058d8aeaa1641f
2026-08-29T20:33:14.407357,IMAGE_FETCH_SUCCESS,,salangpur:a385a148c78cb39b884aa0d87270c5aaf5e7405f85f70ecc44b848cd16dd3353
2026-08-29T20:33:17.524141,IMAGE_FETCH_FAILED,,iskcon_vrindavan:no-candidate
2026-08-29T20:33:21.021676,IMAGE_FETCH_FAILED,,iskcon_bangalore:no-candidate
2026-08-29T20:33:21.022240,IMAGE_FETCH_SUCCESS,,mayapur:c4ec0828545dd21156405bc3c07c55449835133a62b6ba49c3afb00cd76c7ad4
2026-08-29T20:45:43.179068,IMAGE_FETCH_FAILED,,iskcon_tirupati:no-candidate
2026-08-29T20:45:46.785194,IMAGE_FETCH_SUCCESS,,mahakal:a3714d819fb59c895bf1830597bbad17343898a09b1bdda488f4d5e4fa24da25
2026-08-29T20:45:51.179481,IMAGE_FETCH_FAILED,,iskcon_vrindavan:no-candidate
2026-08-29T20:45:55.463533,IMAGE_FETCH_FAILED,,iskcon_bangalore:no-candidate
2026-08-29T20:45:55.464147,IMAGE_FETCH_SUCCESS,,mayapur:c4ec0828545dd21156405bc3c07c55449835133a62b6ba49c3afb00cd76c7ad4
2026-08-29T21:26:27.843866,IMAGE_FETCH_FAILED,,iskcon_tirupati:no-candidate
2026-08-29T21:30:46.287463,IMAGE_FETCH_FAILED,,mayapur:no-candidate
2026-08-29T21:30:51.230038,IMAGE_FETCH_FAILED,,iskcon_mumbai:invalid
2026-08-29T21:30:51.241583,IMAGE_FETCH_SUCCESS,,mahakal:a3714d819fb59c895bf1830597bbad17343898a09b1bdda488f4d5e4fa24da25
2026-08-29T21:30:55.583945,IMAGE_FETCH_FAILED,,iskcon_vrindavan:no-candidate
2026-08-29T21:35:03.750587,IMAGE_FETCH_FAILED,,mayapur:no-candidate
2026-08-29T21:35:06.311874,IMAGE_FETCH_FAILED,,iskcon_bangalore:no-candidate
2026-08-29T21:35:11.557235,IMAGE_FETCH_FAILED,,iskcon_mumbai:invalid
2026-08-29T21:35:11.557581,IMAGE_FALLBACK_AVAILABLE,,docs/images/fallback.jpg:All image sources failed for 2026-08-30
2026-08-29T21:53:27.335993,IMAGE_FETCH_SUCCESS,,mahakal:a3714d819fb59c895bf1830597bbad17343898a09b1bdda488f4d5e4fa24da25
2026-08-29T21:53:31.867379,IMAGE_FETCH_FAILED,,iskcon_vrindavan:no-candidate
2026-08-29T21:53:33.041254,IMAGE_FETCH_FAILED,,mayapur:no-candidate
2026-08-29T21:53:35.219861,IMAGE_FETCH_FAILED,,iskcon_bangalore:no-candidate
2026-08-29T21:54:15.921434,IMAGE_FETCH_FAILED,,iskcon_mumbai:no-candidate
2026-08-29T21:54:15.928249,IMAGE_FALLBACK_AVAILABLE,,docs/images/fallback.jpg:All image sources failed for 2026-08-30
2026-08-29T22:01:53.666593,IMAGE_FETCH_SUCCESS,,mayapur:5c965246a3f83e2f3cda7c9fb229c771805228e91ac679a4501aac3a3d1a9f27
2026-08-29T22:02:31.125558,IMAGE_FETCH_FAILED,,iskcon_mumbai:no-candidate
2026-08-29T22:02:31.132241,IMAGE_FALLBACK_AVAILABLE,,docs/images/fallback.jpg:All image sources failed for 2026-08-30
2026-08-29T22:19:25.577945,IMAGE_FETCH_SUCCESS,,mayapur:5c965246a3f83e2f3cda7c9fb229c771805228e91ac679a4501aac3a3d1a9f27
2026-08-29T22:20:05.309282,IMAGE_FETCH_FAILED,,iskcon_mumbai:no-candidate
2026-08-29T22:20:05.316009,IMAGE_FALLBACK_AVAILABLE,,docs/images/fallback.jpg:All image sources failed for 2026-08-30
2026-08-29T22:40:20.411458,IMAGE_FETCH_SUCCESS,,iskcon_mumbai:a86347fca68173c41c265e174e4d23b23fbde07e023daaf3d8251252706026db
2026-08-29T22:40:23.127672,IMAGE_FETCH_FAILED,,mayapur:no-candidate
2026-08-29T22:40:23.134172,IMAGE_FALLBACK_AVAILABLE,,docs/images/fallback.jpg:All image sources failed for 2026-08-30
2026-08-29T22:42:42.169071,WHATSAPP_SEND_FAILED,9535507255,"http_400:{""error"":{""message"":""Unsupported post request. Object with ID 'messages' does not exist, cannot be loaded due to missing permissions, or does not support this operation. Please read the Graph API docu"
2026-08-30T22:30:37.598285,IMAGE_FETCH_FAILED,,mahakal:no-candidate
2026-08-30T22:30:37.605260,IMAGE_FALLBACK_AVAILABLE,,docs/images/fallback.jpg:All image sources failed for 2026-08-31
2026-08-30T22:52:22.706885,WHATSAPP_SEND_FAILED,9535507255,"http_400:{""error"":{""message"":""Unsupported post request. Object with ID 'messages' does not exist, cannot be loaded due to missing permissions, or does not support this operation. Please read the Graph API docu"
2026-08-31T02:51:33.974656,IMAGE_FETCH_SUCCESS,,mayapur:914a34bac19cda2da00e71976544b189eae471bc3c26498d4171dd8431dc6891
2026-08-31T02:51:39.581927,IMAGE_FETCH_SUCCESS,,mahakal:b8b2c5335ed0e4ecbccc602447252b5c40378a533c9821496d036bf728f3130d
2026-08-31T02:51:39.873506,IMAGES_PRUNED,,removed=2 kept<= 7
2026-08-31T11:12:44.642439,IMAGE_FETCH_SUCCESS,,mahakal:b8b2c5335ed0e4ecbccc602447252b5c40378a533c9821496d036bf728f3130d
2026-08-31T11:41:45.631362,WHATSAPP_SEND_FAILED,9535507255,"http_400:{""error"":{""message"":""Unsupported post request. Object with ID 'messages' does not exist, cannot be loaded due to missing permissions, or does not support this operation. Please read the Graph API docu"
2026-09-01T09:39:00.248218,IMAGE_FETCH_FAILED,,salangpur:invalid
2026-09-01T09:39:00.248478,IMAGE_FALLBACK_AVAILABLE,,docs/images/fallback.jpg:All image sources failed for 2026-09-01
2026-09-01T10:15:33.029145,WHATSAPP_SEND_FAILED,9535507255,"http_400:{""error"":{""message"":""Unsupported post request. Object with ID 'messages' does not exist, cannot be loaded due to missing permissions, or does not support this operation. Please read the Graph API docu"
2026-09-02T09:10:07.705623,IMAGE_FETCH_SUCCESS,,iskcon_bangalore:8d6ab853bcb0252cb1b61dc44aa658e96c59154d7596a555076cf4dce2e6f8d3
2026-09-02T09:10:07.898596,IMAGES_PRUNED,,removed=2 kept<= 7
2026-09-02T09:44:41.447779,WHATSAPP_SEND_FAILED,9535507255,"http_400:{""error"":{""message"":""Unsupported post request. Object with ID 'messages' does not exist, cannot be loaded due to missing permissions, or does not support this operation. Please read the Graph API docu"
2026-09-03T09:16:58.629981,IMAGE_FETCH_SUCCESS,,swaminarayan:d57219621f6f6c314c679f6fac8dca976d593f14fe09641bce695540e8b591bd
2026-09-03T09:16:58.916462,IMAGES_PRUNED,,removed=4 kept<= 7
2026-09-03T09:57:18.782300,WHATSAPP_SEND_FAILED,9535507255,"http_400:{""error"":{""message"":""Unsupported post request. Object with ID 'messages' does not exist, cannot be loaded due to missing permissions, or does not support this operation. Please read the Graph API docu"
2026-09-04T09:10:41.245850,IMAGE_FETCH_FAILED,,iskcon_vrindavan:no-candidate
2026-09-04T09:10:41.251417,IMAGE_FALLBACK_AVAILABLE,,docs/images/fallback.jpg:All image sources failed for 2026-09-04
2026-09-04T09:45:56.363567,WHATSAPP_SEND_FAILED,9535507255,"http_400:{""error"":{""message"":""Unsupported post request. Object with ID 'messages' does not exist, cannot be loaded due to missing permissions, or does not support this operation. Please read the Graph API docu"
2026-09-05T08:42:23.675393,IMAGE_FETCH_FAILED,,iskcon_mumbai:no-candidate
2026-09-05T08:42:23.681546,IMAGE_FALLBACK_AVAILABLE,,docs/images/fallback.jpg:All image sources failed for 2026-09-05
2026-09-05T09:10:51.107053,WHATSAPP_SEND_FAILED,9535507255,"http_400:{""error"":{""message"":""Unsupported post request. Object with ID 'messages' does not exist, cannot be loaded due to missing permissions, or does not support this operation. Please read the Graph API docu"
2026-09-06T09:01:02.672738,IMAGE_FETCH_FAILED,,mayapur:no-candidate
2026-09-06T09:01:02.678353,IMAGE_FALLBACK_AVAILABLE,,docs/images/fallback.jpg:All image sources failed for 2026-09-06
2026-09-06T09:32:17.602218,WHATSAPP_SEND_FAILED,9535507255,"http_400:{""error"":{""message"":""Unsupported post request. Object with ID 'messages' does not exist, cannot be loaded due to missing permissions, or does not support this operation. Please read the Graph API docu"
2026-09-07T09:49:11.657286,IMAGE_FETCH_SUCCESS,,mahakal:c8ca8c6e653e52f43b2d3cbe258edf080c93ad8c9071fd066b1a32cdfa9f1246
2026-09-07T09:49:12.000218,IMAGES_PRUNED,,removed=4 kept<= 7
2026-09-07T10:31:45.872841,WHATSAPP_SEND_FAILED,9535507255,"http_400:{""error"":{""message"":""Unsupported post request. Object with ID 'messages' does not exist, cannot be loaded due to missing permissions, or does not support this operation. Please read the Graph API docu"
2026-09-08T09:13:34.364914,IMAGE_FETCH_FAILED,,salangpur:invalid
2026-09-08T09:13:34.365185,IMAGE_FALLBACK_AVAILABLE,,docs/images/fallback.jpg:All image sources failed for 2026-09-08
2026-09-08T09:52:19.015999,WHATSAPP_SEND_FAILED,9535507255,"http_400:{""error"":{""message"":""Unsupported post request. Object with ID 'messages' does not exist, cannot be loaded due to missing permissions, or does not support this operation. Please read the Graph API docu"
2026-09-09T09:17:07.457652,IMAGE_FETCH_SUCCESS,,iskcon_bangalore:071278a27cc4d17e557d34bd5f232369b978a2785e398360b65b0f3ab48ffd0d
2026-09-09T09:17:07.544964,IMAGES_PRUNED,,removed=3 kept<= 7
2026-09-09T09:55:31.783366,WHATSAPP_SEND_FAILED,9535507255,"http_400:{""error"":{""message"":""Unsupported post request. Object with ID 'messages' does not exist, cannot be loaded due to missing permissions, or does not support this operation. Please read the Graph API docu"
2026-09-10T09:15:45.446620,IMAGE_FETCH_SUCCESS,,swaminarayan:26e6b9285719ccacb3eeb6e32e2e3191e92f4894c0ecf79947ac68a7712a34f6
2026-09-10T09:15:45.666506,IMAGES_PRUNED,,removed=8 kept<= 7
2026-09-10T09:53:11.943553,WHATSAPP_SEND_FAILED,9535507255,"http_400:{""error"":{""message"":""Unsupported post request. Object with ID 'messages' does not exist, cannot be loaded due to missing permissions, or does not support this operation. Please read the Graph API docu"
2026-09-10T11:56:17.856303,IMAGE_FETCH_FAILED,,iskcon_vrindavan:no-candidate
2026-09-10T11:56:17.861300,IMAGE_FALLBACK_AVAILABLE,,docs/images/fallback.jpg:All image sources failed for 2026-09-04
2026-09-10T11:57:13.228660,IMAGE_FETCH_FAILED,,iskcon_mumbai:no-candidate
2026-09-10T11:57:13.233624,IMAGE_FALLBACK_AVAILABLE,,docs/images/fallback.jpg:All image sources failed for 2026-09-05
2026-09-10T11:57:16.883625,IMAGE_FETCH_SUCCESS,,mayapur:de835d6580a57cbd1a0c1d1f9441a123a89b40dd446b1ff6c5baf3f66c162e67
2026-09-10T11:57:16.951357,IMAGES_PRUNED,,removed=2 kept<= 7
2026-09-10T11:57:21.792864,IMAGE_FETCH_SUCCESS,,mahakal:c8ca8c6e653e52f43b2d3cbe258edf080c93ad8c9071fd066b1a32cdfa9f1246
2026-09-10T11:57:24.962248,IMAGE_FETCH_FAILED,,salangpur:invalid
2026-09-10T11:57:24.962483,IMAGE_FALLBACK_AVAILABLE,,docs/images/fallback.jpg:All image sources failed for 2026-09-08
2026-09-10T11:57:29.023668,IMAGE_FETCH_FAILED,,iskcon_bangalore:no-candidate
2026-09-10T11:57:29.029223,IMAGE_FALLBACK_AVAILABLE,,docs/images/fallback.jpg:All image sources failed for 2026-09-09
2026-09-10T11:57:33.693244,IMAGE_FETCH_SUCCESS,,swaminarayan:26e6b9285719ccacb3eeb6e32e2e3191e92f4894c0ecf79947ac68a7712a34f6
2026-09-10T12:52:44.236766,IMAGE_FETCH_SUCCESS,,iskcon_vrindavan:51f09ba06efaf644a7c07d6d5aeca6bfdd9ab68c7d834a97f5628b382d74ed3f
2026-09-10T12:52:44.344932,IMAGES_PRUNED,,removed=2 kept<= 7
2026-09-10T12:52:50.738387,IMAGE_FETCH_FAILED,,iskcon_mumbai:no-candidate
2026-09-10T12:52:53.617071,IMAGE_FETCH_SUCCESS,,iskcon_vrindavan:1a7dc89d60f283bfdbba43b389a415c60f7d391d4283f199919b7421bf9fa974
2026-09-10T12:52:53.722037,IMAGES_PRUNED,,removed=2 kept<= 7
2026-09-10T12:52:56.344361,IMAGE_FETCH_FAILED,,mayapur:no-candidate
2026-09-10T12:52:56.351735,IMAGE_FALLBACK_AVAILABLE,,docs/images/fallback.jpg:All image sources failed for 2026-09-06
2026-09-10T12:53:00.791139,IMAGE_FETCH_SUCCESS,,mahakal:c8ca8c6e653e52f43b2d3cbe258edf080c93ad8c9071fd066b1a32cdfa9f1246
2026-09-10T12:53:05.850302,IMAGE_FETCH_FAILED,,salangpur:invalid
2026-09-10T12:53:05.850625,IMAGE_FALLBACK_AVAILABLE,,docs/images/fallback.jpg:All image sources failed for 2026-09-08
2026-09-10T12:53:08.119333,IMAGE_FETCH_FAILED,,iskcon_bangalore:no-candidate
2026-09-10T12:53:08.126394,IMAGE_FALLBACK_AVAILABLE,,docs/images/fallback.jpg:All image sources failed for 2026-09-09
2026-09-10T12:53:13.318392,IMAGE_FETCH_SUCCESS,,swaminarayan:26e6b9285719ccacb3eeb6e32e2e3191e92f4894c0ecf79947ac68a7712a34f6
2026-09-10T13:03:25.204763,IMAGE_FETCH_SUCCESS,,iskcon_vrindavan:51f09ba06efaf644a7c07d6d5aeca6bfdd9ab68c7d834a97f5628b382d74ed3f
2026-09-10T13:03:31.014956,IMAGE_FETCH_FAILED,,iskcon_mumbai:no-candidate
2026-09-10T13:03:32.227376,IMAGE_FETCH_SUCCESS,,iskcon_vrindavan:1a7dc89d60f283bfdbba43b389a415c60f7d391d4283f199919b7421bf9fa974
2026-09-10T13:03:34.674955,IMAGE_FETCH_FAILED,,mayapur:no-candidate
2026-09-10T13:03:34.682101,IMAGE_FALLBACK_AVAILABLE,,docs/images/fallback.jpg:All image sources failed for 2026-09-06
2026-09-10T13:03:39.140292,IMAGE_FETCH_SUCCESS,,mahakal:c8ca8c6e653e52f43b2d3cbe258edf080c93ad8c9071fd066b1a32cdfa9f1246
2026-09-10T13:03:44.895091,IMAGE_FETCH_SUCCESS,,salangpur:fbe6e34354478e6b4b8a9b76bcc5b1137e72555ffadce0af6026fb841a24ba27
2026-09-10T13:03:45.331720,IMAGES_PRUNED,,removed=2 kept<= 7
2026-09-10T13:03:48.527627,IMAGE_FETCH_FAILED,,iskcon_bangalore:no-candidate
2026-09-10T13:03:48.534706,IMAGE_FALLBACK_AVAILABLE,,docs/images/fallback.jpg:All image sources failed for 2026-09-09
2026-09-10T13:03:54.119365,IMAGE_FETCH_SUCCESS,,swaminarayan:26e6b9285719ccacb3eeb6e32e2e3191e92f4894c0ecf79947ac68a7712a34f6
2026-09-10T18:23:14.325826,IMAGE_FETCH_SUCCESS,,swaminarayan:26e6b9285719ccacb3eeb6e32e2e3191e92f4894c0ecf79947ac68a7712a34f6
2026-09-11T05:11:26.756271,IMAGE_FETCH_FAILED,,iskcon_vrindavan:no-candidate
2026-09-11T05:11:32.280103,IMAGE_FETCH_FAILED,,iskcon_mumbai:no-candidate
2026-09-11T05:11:32.287194,IMAGE_FALLBACK_AVAILABLE,,docs/images/fallback.jpg:All image sources failed for 2026-09-11
2026-09-11T06:30:34.236714,IMAGE_FETCH_FAILED,,iskcon_vrindavan:no-candidate
2026-09-11T06:30:46.854366,IMAGE_FETCH_SUCCESS,,iskcon_hyderabad:795d84585fbef34f6590f50d95714a4141f413d2db374fc3dea88d03cef9ff36
2026-09-11T06:30:46.960418,IMAGES_PRUNED,,removed=3 kept<= 7
2026-09-11T06:32:52.041652,WHATSAPP_SEND_FAILED,9535507255,"http_400:{""error"":{""message"":""(#131030) Recipient phone number not in allowed list"",""code"":131030,""type"":""OAuthException"",""error_data"":{""messaging_product"":""whatsapp"",""details"":""Recipient phone number not in a"
2026-09-11T08:32:54.864696,WHATSAPP_SEND_FAILED,9535507255,"http_400:{""error"":{""message"":""(#131030) Recipient phone number not in allowed list"",""code"":131030,""type"":""OAuthException"",""error_data"":{""messaging_product"":""whatsapp"",""details"":""Recipient phone number not in a"
2026-09-11T08:38:19.365820,WHATSAPP_SEND_FAILED,9535507255,"http_400:{""error"":{""message"":""(#131030) Recipient phone number not in allowed list"",""code"":131030,""type"":""OAuthException"",""error_data"":{""messaging_product"":""whatsapp"",""details"":""Recipient phone number not in a"
2026-09-11T08:41:39.615174,WHATSAPP_SEND_FAILED,919535507255,"http_404:{""error"":{""message"":""(#132001) Template name does not exist in the translation"",""code"":132001,""type"":""OAuthException"",""error_data"":{""messaging_product"":""whatsapp"",""details"":""template name (daily_darsh"
2026-09-11T09:19:09.146035,IMAGE_FETCH_FAILED,,iskcon_vrindavan:no-candidate
2026-09-11T09:19:21.176134,IMAGE_FETCH_SUCCESS,,iskcon_hyderabad:795d84585fbef34f6590f50d95714a4141f413d2db374fc3dea88d03cef9ff36
2026-09-11T09:23:31.788364,IMAGE_FETCH_FAILED,,iskcon_vrindavan:no-candidate
2026-09-11T09:23:45.698458,IMAGE_FETCH_SUCCESS,,iskcon_hyderabad:795d84585fbef34f6590f50d95714a4141f413d2db374fc3dea88d03cef9ff36
2026-09-11T09:31:08.446249,IMAGE_FETCH_FAILED,,iskcon_vrindavan:no-candidate
2026-09-11T09:31:22.076391,IMAGE_FETCH_SUCCESS,,iskcon_hyderabad:795d84585fbef34f6590f50d95714a4141f413d2db374fc3dea88d03cef9ff36
2026-09-11T10:32:52.022460,WHATSAPP_SEND_FAILED,919535507255,"http_404:{""error"":{""message"":""(#132001) Template name does not exist in the translation"",""code"":132001,""type"":""OAuthException"",""error_data"":{""messaging_product"":""whatsapp"",""details"":""template name (daily_darsh"
2026-09-11T10:55:41.151920,IMAGE_FETCH_FAILED,,iskcon_vrindavan:no-candidate
2026-09-11T10:55:55.268528,IMAGE_FETCH_SUCCESS,,iskcon_hyderabad:795d84585fbef34f6590f50d95714a4141f413d2db374fc3dea88d03cef9ff36
2026-09-11T11:01:06.270996,RENEWAL_REMINDER_FAILED,919535507255,"http_404:{""error"":{""message"":""(#132001) Template name does not exist in the translation"",""code"":132001,""type"":""OAuthException"",""error_data"":{""messaging_product"":""whatsapp"",""details"":""template name (daily_darsh"
2026-09-11T11:01:09.412725,WHATSAPP_SEND_FAILED,919535507255,"http_404:{""error"":{""message"":""(#132001) Template name does not exist in the translation"",""code"":132001,""type"":""OAuthException"",""error_data"":{""messaging_product"":""whatsapp"",""details"":""template name (daily_darsh"
2026-09-11T11:09:03.373286,IMAGE_FETCH_FAILED,,iskcon_vrindavan:no-candidate
2026-09-11T11:09:17.361113,IMAGE_FETCH_SUCCESS,,iskcon_hyderabad:795d84585fbef34f6590f50d95714a4141f413d2db374fc3dea88d03cef9ff36
2026-09-11T11:14:41.013834,IMAGE_FETCH_FAILED,,iskcon_vrindavan:no-candidate
2026-09-11T11:14:52.695606,IMAGE_FETCH_SUCCESS,,iskcon_hyderabad:795d84585fbef34f6590f50d95714a4141f413d2db374fc3dea88d03cef9ff36
2026-09-11T11:14:52.809528,IMAGES_PRUNED,,removed=3 kept<= 7
2026-09-11T11:30:42.898022,IMAGE_FETCH_FAILED,,iskcon_vrindavan:no-candidate
2026-09-11T11:30:56.987944,IMAGE_FETCH_SUCCESS,,iskcon_hyderabad:795d84585fbef34f6590f50d95714a4141f413d2db374fc3dea88d03cef9ff36
2026-09-11T11:39:28.109805,IMAGE_FETCH_FAILED,,iskcon_vrindavan:no-candidate
2026-09-11T11:39:42.471324,IMAGE_FETCH_SUCCESS,,iskcon_hyderabad:795d84585fbef34f6590f50d95714a4141f413d2db374fc3dea88d03cef9ff36
2026-09-11T11:54:39.437940,PAGES_REGENERATED,,2026-09-11:count=1:source=iskcon_mumbai
2026-09-11T12:03:38.627614,IMAGE_FETCH_FAILED,,iskcon_vrindavan:no-candidate
2026-09-11T12:03:52.080653,IMAGE_FETCH_SUCCESS,,iskcon_hyderabad:795d84585fbef34f6590f50d95714a4141f413d2db374fc3dea88d03cef9ff36
2026-09-11T12:06:14.944746,PAGES_REGENERATED,,2026-09-11:count=1:source=iskcon_mumbai
2026-09-11T12:09:04.915380,PAGES_REGENERATED,,2026-09-11:count=1:source=iskcon_mumbai
2026-09-11T12:10:34.508479,PAGES_REGENERATED,,2026-09-11:count=1:source=canonical
2026-09-11T12:18:59.763411,IMAGE_FETCH_FAILED,,iskcon_vrindavan:no-candidate
2026-09-11T12:19:10.960986,IMAGE_FETCH_SUCCESS,,iskcon_hyderabad:795d84585fbef34f6590f50d95714a4141f413d2db374fc3dea88d03cef9ff36
2026-09-11T12:24:06.276898,PAGES_REGENERATED,,2026-09-11:count=1:source=iskcon_mumbai
2026-09-11T12:36:06.073674,IMAGE_FETCH_FAILED,,iskcon_vrindavan:no-candidate
2026-09-11T12:36:19.029481,IMAGE_FETCH_SUCCESS,,iskcon_hyderabad:795d84585fbef34f6590f50d95714a4141f413d2db374fc3dea88d03cef9ff36
2026-09-11T12:41:04.549290,PAGES_REGENERATED,,2026-09-11:count=1:source=canonical
2026-09-11T12:42:10.585305,PAGES_REGENERATED,,2026-09-11:count=1:source=iskcon_mumbai
2026-09-11T12:52:48.133604,IMAGE_FETCH_FAILED,,iskcon_vrindavan:no-candidate
2026-09-11T12:53:01.051470,IMAGE_FETCH_SUCCESS,,iskcon_hyderabad:795d84585fbef34f6590f50d95714a4141f413d2db374fc3dea88d03cef9ff36
2026-09-11T12:58:00.417167,PAGES_REGENERATED,,2026-09-11:count=1:source=iskcon_mumbai
2026-09-11T16:52:57.416243,IMAGE_FETCH_FAILED,,iskcon_vrindavan:no-candidate
2026-09-11T16:53:11.114383,IMAGE_FETCH_SUCCESS,,iskcon_hyderabad:795d84585fbef34f6590f50d95714a4141f413d2db374fc3dea88d03cef9ff36
2026-09-11T16:53:37.333340,RENEWAL_REMINDER_FAILED,919535507255,"http_404:{""error"":{""message"":""(#132001) Template name does not exist in the translation"",""code"":132001,""type"":""OAuthException"",""error_data"":{""messaging_product"":""whatsapp"",""details"":""template name (daily_darsh"
2026-09-11T16:53:40.419113,WHATSAPP_SEND_FAILED,919535507255,"http_404:{""error"":{""message"":""(#132001) Template name does not exist in the translation"",""code"":132001,""type"":""OAuthException"",""error_data"":{""messaging_product"":""whatsapp"",""details"":""template name (daily_darsh"
2026-09-11T18:29:27.418857,IMAGE_FETCH_FAILED,,iskcon_vrindavan:no-candidate
2026-09-11T18:29:40.333766,IMAGE_FETCH_SUCCESS,,iskcon_hyderabad:795d84585fbef34f6590f50d95714a4141f413d2db374fc3dea88d03cef9ff36
2026-09-11T18:30:25.835625,RENEWAL_REMINDER_FAILED,919535507255,"http_404:{""error"":{""message"":""(#132001) Template name does not exist in the translation"",""code"":132001,""type"":""OAuthException"",""error_data"":{""messaging_product"":""whatsapp"",""details"":""template name (daily_darsh"
2026-09-11T18:39:01.375046,IMAGE_FETCH_FAILED,,iskcon_mumbai:no-candidate
2026-09-11T18:39:02.981444,IMAGE_FETCH_FAILED,,iskcon_vrindavan:no-candidate
2026-09-11T18:39:03.310433,IMAGE_FETCH_FAILED,,iskcon_hyderabad:no-candidate
2026-09-11T18:39:03.315907,IMAGE_FALLBACK_AVAILABLE,,docs/images/fallback.jpg:All image sources failed for 2026-09-12
2026-09-11T18:43:39.620791,IMAGE_FETCH_SUCCESS,,mayapur:de835d6580a57cbd1a0c1d1f9441a123a89b40dd446b1ff6c5baf3f66c162e67
2026-09-11T18:43:39.707948,IMAGES_PRUNED,,removed=2 kept<= 7
2026-09-11T18:43:44.994532,IMAGE_FETCH_SUCCESS,,mahakal:c8ca8c6e653e52f43b2d3cbe258edf080c93ad8c9071fd066b1a32cdfa9f1246
2026-09-11T18:43:45.356690,IMAGES_PRUNED,,removed=2 kept<= 7
2026-09-11T18:43:58.443825,IMAGE_FETCH_SUCCESS,,salangpur:fbe6e34354478e6b4b8a9b76bcc5b1137e72555ffadce0af6026fb841a24ba27
2026-09-11T18:43:58.909429,IMAGES_PRUNED,,removed=2 kept<= 7
2026-09-11T18:44:04.185544,IMAGE_FETCH_FAILED,,iskcon_bangalore:no-candidate
2026-09-11T18:44:04.192813,IMAGE_FALLBACK_AVAILABLE,,docs/images/fallback.jpg:All image sources failed for 2026-09-09
2026-09-11T18:44:22.638853,IMAGE_FETCH_FAILED,,swaminarayan:no-candidate
2026-09-11T18:44:22.646716,IMAGE_FALLBACK_AVAILABLE,,docs/images/fallback.jpg:All image sources failed for 2026-09-10
2026-09-11T18:44:27.241560,IMAGE_FETCH_FAILED,,iskcon_vrindavan:no-candidate
2026-09-11T18:44:40.250907,IMAGE_FETCH_SUCCESS,,iskcon_hyderabad:795d84585fbef34f6590f50d95714a4141f413d2db374fc3dea88d03cef9ff36
