key,message_id,status,timestamp
wamid.HBgMOTE5NTM1NTA3MjU1FQIAERgSQUNCRjFCQ0Y4Q0UyNTAwOUU2AA==:delivered,wamid.HBgMOTE5NTM1NTA3MjU1FQIAERgSQUNCRjFCQ0Y4Q0UyNTAwOUU2AA==,delivered,
wamid.HBgMOTE5MTA4NzExNTk5FQIAERgSNTQwMzVBOEU0ODc2RUQ5NEYwAA==:delivered,wamid.HBgMOTE5MTA4NzExNTk5FQIAERgSNTQwMzVBOEU0ODc2RUQ5NEYwAA==,delivered,
wamid.HBgMOTE5MTA4NzExNTk5FQIAERgSNTQwMzVBOEU0ODc2RUQ5NEYwAA==:read,wamid.HBgMOTE5MTA4NzExNTk5FQIAERgSNTQwMzVBOEU0ODc2RUQ5NEYwAA==,read,
wamid.HBgMOTE5MTA4NzExNTk5FQIAERgSQTU5MzlDOTFGQTA0MTEwMEYyAA==:delivered,wamid.HBgMOTE5MTA4NzExNTk5FQIAERgSQTU5MzlDOTFGQTA0MTEwMEYyAA==,delivered,
wamid.HBgMOTE5MTA4NzExNTk5FQIAERgSQTU5MzlDOTFGQTA0MTEwMEYyAA==:read,wamid.HBgMOTE5MTA4NzExNTk5FQIAERgSQTU5MzlDOTFGQTA0MTEwMEYyAA==,read,
wamid.HBgMOTE5NTM1NTA3MjU1FQIAERgSRDk1Qzk0QjI5RDgyODcwNjY5AA==:delivered,wamid.HBgMOTE5NTM1NTA3MjU1FQIAERgSRDk1Qzk0QjI5RDgyODcwNjY5AA==,delivered,
wamid.HBgMOTE5MTA4NzExNTk5FQIAERgSMTI5QzUxNzM1RkQ2N0UzRDg2AA==:delivered,wamid.HBgMOTE5MTA4NzExNTk5FQIAERgSMTI5QzUxNzM1RkQ2N0UzRDg2AA==,delivered,
wamid.HBgMOTE5MTA4NzExNTk5FQIAERgSMTI5QzUxNzM1RkQ2N0UzRDg2AA==:read,wamid.HBgMOTE5MTA4NzExNTk5FQIAERgSMTI5QzUxNzM1RkQ2N0UzRDg2AA==,read,
wamid.HBgMOTE5NTM1NTA3MjU1FQIAERgSOEZERDY5RDZFNjQyRDVCQ0ExAA==:delivered,wamid.HBgMOTE5NTM1NTA3MjU1FQIAERgSOEZERDY5RDZFNjQyRDVCQ0ExAA==,delivered,
wamid.HBgMOTE5NTM1NTA3MjU1FQIAERgSRUU5N0MxODlGQUZBRDk3REI3AA==:delivered,wamid.HBgMOTE5NTM1NTA3MjU1FQIAERgSRUU5N0MxODlGQUZBRDk3REI3AA==,delivered,
wamid.HBgMOTE5NTM1NTA3MjU1FQIAERgSNkIyQTEwNkEwRjE2MDUwMzE2AA==:delivered,wamid.HBgMOTE5NTM1NTA3MjU1FQIAERgSNkIyQTEwNkEwRjE2MDUwMzE2AA==,delivered,
wamid.HBgMOTE5NTM1NTA3MjU1FQIAERgSMDQ2NjlCRkEwMkUzQUI3RDI4AA==:delivered,wamid.HBgMOTE5NTM1NTA3MjU1FQIAERgSMDQ2NjlCRkEwMkUzQUI3RDI4AA==,delivered,
wamid.HBgMOTE5NTM1NTA3MjU1FQIAERgSNzRDNjQ2QzQ0MkNCNEFFNDQ1AA==:delivered,wamid.HBgMOTE5NTM1NTA3MjU1FQIAERgSNzRDNjQ2QzQ0MkNCNEFFNDQ1AA==,delivered,
wamid.HBgMOTE5NTM1NTA3MjU1FQIAERgSOUU4NDlCNUEzQjI0OUEyRjlGAA==:delivered,wamid.HBgMOTE5NTM1NTA3MjU1FQIAERgSOUU4NDlCNUEzQjI0OUEyRjlGAA==,delivered,
wamid.HBgMOTE5NTM1NTA3MjU1FQIAERgSQjk4NkQ5ODZBRUQzQTI4QjM1AA==:delivered,wamid.HBgMOTE5NTM1NTA3MjU1FQIAERgSQjk4NkQ5ODZBRUQzQTI4QjM1AA==,delivered,
wamid.HBgMOTE5NTM1NTA3MjU1FQIAERgSNjRFMjFDQzQ0RjE1RDlDMjk0AA==:delivered,wamid.HBgMOTE5NTM1NTA3MjU1FQIAERgSNjRFMjFDQzQ0RjE1RDlDMjk0AA==,delivered,
wamid.HBgMOTE5NTM1NTA3MjU1FQIAERgSMzczRTRCQkNDMEE2Q0M2RTZGAA==:delivered,wamid.HBgMOTE5NTM1NTA3MjU1FQIAERgSMzczRTRCQkNDMEE2Q0M2RTZGAA==,delivered,
wamid.HBgMOTE5NTM1NTA3MjU1FQIAERgSOTkyREVDRkNDOEQxMTFGMUI2AA==:delivered,wamid.HBgMOTE5NTM1NTA3MjU1FQIAERgSOTkyREVDRkNDOEQxMTFGMUI2AA==,delivered,
wamid.HBgMOTE5NTM1NTA3MjU1FQIAERgSNjRBODc0M0JEQzVBRkM2MTNGAA==:delivered,wamid.HBgMOTE5NTM1NTA3MjU1FQIAERgSNjRBODc0M0JEQzVBRkM2MTNGAA==,delivered,
wamid.HBgMOTE5NTM1NTA3MjU1FQIAERgSREM5NDg4QzA5OTdCMkVDNjhDAA==:delivered,wamid.HBgMOTE5NTM1NTA3MjU1FQIAERgSREM5NDg4QzA5OTdCMkVDNjhDAA==,delivered,
wamid.HBgMOTE5MTA4NzExNTk5FQIAERgSREQzRDRDN0E3RDE1MjZCMDA5AA==:delivered,wamid.HBgMOTE5MTA4NzExNTk5FQIAERgSREQzRDRDN0E3RDE1MjZCMDA5AA==,delivered,
wamid.HBgMOTE5MTA4NzExNTk5FQIAERgSREQzRDRDN0E3RDE1MjZCMDA5AA==:read,wamid.HBgMOTE5MTA4NzExNTk5FQIAERgSREQzRDRDN0E3RDE1MjZCMDA5AA==,read,
wamid.HBgMOTE5NTM1NTA3MjU1FQIAERgSNjRFMjFDQzQ0RjE1RDlDMjk0AA==:read,wamid.HBgMOTE5NTM1NTA3MjU1FQIAERgSNjRFMjFDQzQ0RjE1RDlDMjk0AA==,read,2026-09-15T10:58:00.272929
wamid.HBgMOTE5NTM1NTA3MjU1FQIAERgSNjRBODc0M0JEQzVBRkM2MTNGAA==:read,wamid.HBgMOTE5NTM1NTA3MjU1FQIAERgSNjRBODc0M0JEQzVBRkM2MTNGAA==,read,2026-09-15T10:58:07.093330
wamid.HBgMOTE5NTM1NTA3MjU1FQIAERgSMzczRTRCQkNDMEE2Q0M2RTZGAA==:read,wamid.HBgMOTE5NTM1NTA3MjU1FQIAERgSMzczRTRCQkNDMEE2Q0M2RTZGAA==,read,2026-09-15T10:58:12.738374
wamid.HBgMOTE5NTM1NTA3MjU1FQIAERgSQjk4NkQ5ODZBRUQzQTI4QjM1AA==:read,wamid.HBgMOTE5NTM1NTA3MjU1FQIAERgSQjk4NkQ5ODZBRUQzQTI4QjM1AA==,read,2026-09-15T10:58:26.066023
wamid.HBgMOTE5NTM1NTA3MjU1FQIAERgSREM5NDg4QzA5OTdCMkVDNjhDAA==:read,wamid.HBgMOTE5NTM1NTA3MjU1FQIAERgSREM5NDg4QzA5OTdCMkVDNjhDAA==,read,2026-09-15T10:58:32.701274
wamid.HBgMOTE5NTM1NTA3MjU1FQIAERgSOTkyREVDRkNDOEQxMTFGMUI2AA==:read,wamid.HBgMOTE5NTM1NTA3MjU1FQIAERgSOTkyREVDRkNDOEQxMTFGMUI2AA==,read,2026-09-15T10:58:38.480842
wamid.HBgMOTE5NTM1NTA3MjU1FQIAERgSOUU4NDlCNUEzQjI0OUEyRjlGAA==:read,wamid.HBgMOTE5NTM1NTA3MjU1FQIAERgSOUU4NDlCNUEzQjI0OUEyRjlGAA==,read,2026-09-15T10:58:57.802941
wamid.HBgMOTE5NTM1NTA3MjU1FQIAERgSODY4QUFEODcyRkU0ODM1NkE5AA==:delivered,wamid.HBgMOTE5NTM1NTA3MjU1FQIAERgSODY4QUFEODcyRkU0ODM1NkE5AA==,delivered,2026-09-16T03:19:22.355213
wamid.HBgMOTE5NTM1NTA3MjU1FQIAERgSODY4QUFEODcyRkU0ODM1NkE5AA==:read,wamid.HBgMOTE5NTM1NTA3MjU1FQIAERgSODY4QUFEODcyRkU0ODM1NkE5AA==,read,2026-09-16T03:21:35.243194
wamid.HBgMOTE5NTM1NTA3MjU1FQIAERgSQTc2NkE2MTY5OEVCMjlFM0VBAA==:delivered,wamid.HBgMOTE5NTM1NTA3MjU1FQIAERgSQTc2NkE2MTY5OEVCMjlFM0VBAA==,delivered,2026-09-16T05:06:47.094751
wamid.HBgMOTE5NTM1NTA3MjU1FQIAERgSQTc2NkE2MTY5OEVCMjlFM0VBAA==:read,wamid.HBgMOTE5NTM1NTA3MjU1FQIAERgSQTc2NkE2MTY5OEVCMjlFM0VBAA==,read,2026-09-16T05:06:55.958543
wamid.HBgMOTE5MTA4NzExNTk5FQIAERgSNTZCNDg4M0U0Qzc4OTMxNDU0AA==:delivered,wamid.HBgMOTE5MTA4NzExNTk5FQIAERgSNTZCNDg4M0U0Qzc4OTMxNDU0AA==,delivered,2026-09-16T05:07:02.375782
wamid.HBgMOTE5NTM1NTA3MjU1FQIAERgSOUQyOUQxNDM5MUYxNjVCODFCAA==:delivered,wamid.HBgMOTE5NTM1NTA3MjU1FQIAERgSOUQyOUQxNDM5MUYxNjVCODFCAA==,delivered,2026-09-16T05:28:15.752849
wamid.HBgMOTE5NTM1NTA3MjU1FQIAERgSOUQyOUQxNDM5MUYxNjVCODFCAA==:read,wamid.HBgMOTE5NTM1NTA3MjU1FQIAERgSOUQyOUQxNDM5MUYxNjVCODFCAA==,read,2026-09-16T05:28:22.881681
wamid.HBgMOTE5NTM1NTA3MjU1FQIAERgSQ0UwOUM2RDY3MzlEOUY1MDQyAA==:delivered,wamid.HBgMOTE5NTM1NTA3MjU1FQIAERgSQ0UwOUM2RDY3MzlEOUY1MDQyAA==,delivered,2026-09-16T05:47:28.867082
wamid.HBgMOTE5NTM1NTA3MjU1FQIAERgSQ0UwOUM2RDY3MzlEOUY1MDQyAA==:read,wamid.HBgMOTE5NTM1NTA3MjU1FQIAERgSQ0UwOUM2RDY3MzlEOUY1MDQyAA==,read,2026-09-16T05:47:41.580899
wamid.HBgMOTE5MTA4NzExNTk5FQIAERgSNTZCNDg4M0U0Qzc4OTMxNDU0AA==:read,wamid.HBgMOTE5MTA4NzExNTk5FQIAERgSNTZCNDg4M0U0Qzc4OTMxNDU0AA==,read,2026-09-16T06:26:45.194829
wamid.HBgMOTE5NTM1NTA3MjU1FQIAERgSODRBRTdGQzY5Mjc1OURFRTIyAA==:read,wamid.HBgMOTE5NTM1NTA3MjU1FQIAERgSODRBRTdGQzY5Mjc1OURFRTIyAA==,read,2026-09-16T14:26:53.117562
wamid.HBgMOTE5NTM1NTA3MjU1FQIAERgSMEI2Qzk1MTUzQUNGM0IwQTJDAA==:delivered,wamid.HBgMOTE5NTM1NTA3MjU1FQIAERgSMEI2Qzk1MTUzQUNGM0IwQTJDAA==,delivered,2026-09-16T14:31:52.894285
wamid.HBgMOTE5NTM1NTA3MjU1FQIAERgSMEI2Qzk1MTUzQUNGM0IwQTJDAA==:read,wamid.HBgMOTE5NTM1NTA3MjU1FQIAERgSMEI2Qzk1MTUzQUNGM0IwQTJDAA==,read,2026-09-16T14:31:59.913753
wamid.HBgMOTE5NTM1NTA3MjU1FQIAERgSMEYxNjMxODBBMzhCRDExQTEzAA==:delivered,wamid.HBgMOTE5NTM1NTA3MjU1FQIAERgSMEYxNjMxODBBMzhCRDExQTEzAA==,delivered,2026-09-16T14:34:48.031353
wamid.HBgMOTE5NTM1NTA3MjU1FQIAERgSMEYxNjMxODBBMzhCRDExQTEzAA==:read,wamid.HBgMOTE5NTM1NTA3MjU1FQIAERgSMEYxNjMxODBBMzhCRDExQTEzAA==,read,2026-09-16T14:34:55.004689
wamid.HBgMOTE5NTM1NTA3MjU1FQIAERgSRDgwMUU5OTUyQjdDOUQ4MTg5AA==:read,wamid.HBgMOTE5NTM1NTA3MjU1FQIAERgSRDgwMUU5OTUyQjdDOUQ4MTg5AA==,read,2026-09-16T14:39:16.086705
wamid.HBgMOTE5MTA4NzExNTk5FQIAERgSMDIxOUQwOUExN0YzOEU0MEMwAA==:delivered,wamid.HBgMOTE5MTA4NzExNTk5FQIAERgSMDIxOUQwOUExN0YzOEU0MEMwAA==,delivered,2026-09-16T14:39:27.859675
wamid.HBgMOTE5MTA4NzExNTk5FQIAERgSMDIxOUQwOUExN0YzOEU0MEMwAA==:read,wamid.HBgMOTE5MTA4NzExNTk5FQIAERgSMDIxOUQwOUExN0YzOEU0MEMwAA==,read,2026-09-16T16:21:44.325423
wamid.HBgMOTE5NTM1NTA3MjU1FQIAERgSMUVBN0ExNzZEQTRFREM5OUQ1AA==:read,wamid.HBgMOTE5NTM1NTA3MjU1FQIAERgSMUVBN0ExNzZEQTRFREM5OUQ1AA==,read,2026-09-16T16:47:46.647803
wamid.HBgMOTE5NTM1NTA3MjU1FQIAERgSRDg0NDM5QzE5N0MxMEQwMzM1AA==:read,wamid.HBgMOTE5NTM1NTA3MjU1FQIAERgSRDg0NDM5QzE5N0MxMEQwMzM1AA==,read,2026-09-16T16:58:30.743924
wamid.HBgMOTE5NTM1NTA3MjU1FQIAERgSMUEwQTgwODdFMjZFODExNjIwAA==:read,wamid.HBgMOTE5NTM1NTA3MjU1FQIAERgSMUEwQTgwODdFMjZFODExNjIwAA==,read,2026-09-16T17:05:59.261348
wamid.HBgMOTE5NTM1NTA3MjU1FQIAERgSQTY3MTY0MUI4NTM4RENGMDhGAA==:read,wamid.HBgMOTE5NTM1NTA3MjU1FQIAERgSQTY3MTY0MUI4NTM4RENGMDhGAA==,read,2026-09-16T17:07:41.265921
wamid.HBgMOTE5NTM1NTA3MjU1FQIAERgSOUMxRTk1MjI3M0Y3Nzg5RjkwAA==:read,wamid.HBgMOTE5NTM1NTA3MjU1FQIAERgSOUMxRTk1MjI3M0Y3Nzg5RjkwAA==,read,2026-09-16T17:11:32.735927
wamid.HBgMOTE5NTM1NTA3MjU1FQIAERgSM0FENTA0RENEQ0Q4OEY3MEJDAA==:delivered,wamid.HBgMOTE5NTM1NTA3MjU1FQIAERgSM0FENTA0RENEQ0Q4OEY3MEJDAA==,delivered,2026-09-16T17:15:38.720119
wamid.HBgMOTE5NTM1NTA3MjU1FQIAERgSMjA2MTRBNzZGQTk5M0REMTIxAA==:delivered,wamid.HBgMOTE5NTM1NTA3MjU1FQIAERgSMjA2MTRBNzZGQTk5M0REMTIxAA==,delivered,2026-09-16T17:17:27.796784
wamid.HBgMOTE5NTM1NTA3MjU1FQIAERgSMjA2MTRBNzZGQTk5M0REMTIxAA==:read,wamid.HBgMOTE5NTM1NTA3MjU1FQIAERgSMjA2MTRBNzZGQTk5M0REMTIxAA==,read,2026-09-16T17:21:36.287823
wamid.HBgMOTE5NTM1NTA3MjU1FQIAERgSM0FENTA0RENEQ0Q4OEY3MEJDAA==:read,wamid.HBgMOTE5NTM1NTA3MjU1FQIAERgSM0FENTA0RENEQ0Q4OEY3MEJDAA==,read,2026-09-16T17:22:01.805608
wamid.HBgMOTE5NTM1NTA3MjU1FQIAERgSNUQxRkE4N0YxNDNDNEVEQkZEAA==:read,wamid.HBgMOTE5NTM1NTA3MjU1FQIAERgSNUQxRkE4N0YxNDNDNEVEQkZEAA==,read,2026-09-16T17:46:35.513682
wamid.HBgMOTE5NTM1NTA3MjU1FQIAERgSRDNGNEQyMEU2MjYwM0FCREU3AA==:read,wamid.HBgMOTE5NTM1NTA3MjU1FQIAERgSRDNGNEQyMEU2MjYwM0FCREU3AA==,read,2026-09-16T18:01:04.555543
wamid.HBgMOTE5NTM1NTA3MjU1FQIAERgSQzZGOTUyRDk2NzIxNzlCMThCAA==:read,wamid.HBgMOTE5NTM1NTA3MjU1FQIAERgSQzZGOTUyRDk2NzIxNzlCMThCAA==,read,2026-09-16T18:14:41.383299
wamid.HBgMOTE5NTM1NTA3MjU1FQIAERgSNEE3NjM4NkVBOUFFQjNFRjM0AA==:read,wamid.HBgMOTE5NTM1NTA3MjU1FQIAERgSNEE3NjM4NkVBOUFFQjNFRjM0AA==,read,2026-09-16T18:20:32.108151
wamid.HBgMOTE5NTM1NTA3MjU1FQIAERgSOTFDRDIzMzc3OTQ3NEJDMzQwAA==:delivered,wamid.HBgMOTE5NTM1NTA3MjU1FQIAERgSOTFDRDIzMzc3OTQ3NEJDMzQwAA==,delivered,2026-09-17T03:14:21.000840
wamid.HBgMOTE5NTM1NTA3MjU1FQIAERgSOTFDRDIzMzc3OTQ3NEJDMzQwAA==:read,wamid.HBgMOTE5NTM1NTA3MjU1FQIAERgSOTFDRDIzMzc3OTQ3NEJDMzQwAA==,read,2026-09-17T04:03:13.192704
wamid.HBgMOTE5NTM1NTA3MjU1FQIAERgSRDAzNTgxOTM1NUYxRDk0N0VDAA==:delivered,wamid.HBgMOTE5NTM1NTA3MjU1FQIAERgSRDAzNTgxOTM1NUYxRDk0N0VDAA==,delivered,2026-09-17T04:41:32.063459
wamid.HBgMOTE5NTM1NTA3MjU1FQIAERgSRDAzNTgxOTM1NUYxRDk0N0VDAA==:read,wamid.HBgMOTE5NTM1NTA3MjU1FQIAERgSRDAzNTgxOTM1NUYxRDk0N0VDAA==,read,2026-09-17T04:56:48.499053
wamid.HBgMOTE5NTM1NTA3MjU1FQIAERgSOEFFM0I0REY3MTQ0M0NGMThCAA==:read,wamid.HBgMOTE5NTM1NTA3MjU1FQIAERgSOEFFM0I0REY3MTQ0M0NGMThCAA==,read,2026-09-17T05:28:22.256988
wamid.HBgMOTE5NTM1NTA3MjU1FQIAERgSMkUyMjQ0NEM0NENEREJFRkQzAA==:read,wamid.HBgMOTE5NTM1NTA3MjU1FQIAERgSMkUyMjQ0NEM0NENEREJFRkQzAA==,read,2026-09-17T05:31:39.782424
wamid.HBgMOTE5NTM1NTA3MjU1FQIAERgSQUZGRTQ4QkZBNUIwRDdEMDNCAA==:read,wamid.HBgMOTE5NTM1NTA3MjU1FQIAERgSQUZGRTQ4QkZBNUIwRDdEMDNCAA==,read,2026-09-17T05:45:06.210251
wamid.HBgMOTE5NTM1NTA3MjU1FQIAERgSMDEyOUJCMjlGMDBFRjNCNkMxAA==:read,wamid.HBgMOTE5NTM1NTA3MjU1FQIAERgSMDEyOUJCMjlGMDBFRjNCNkMxAA==,read,2026-09-17T05:46:15.901415
wamid.HBgMOTE5NTM1NTA3MjU1FQIAERgSQTYwRTVEMEY1MTQxQUFGNTJDAA==:read,wamid.HBgMOTE5NTM1NTA3MjU1FQIAERgSQTYwRTVEMEY1MTQxQUFGNTJDAA==,read,2026-09-17T05:46:37.592747
wamid.HBgMOTE5NTM1NTA3MjU1FQIAERgSOTFCMDczQTg2RTgwNEZBMTM4AA==:read,wamid.HBgMOTE5NTM1NTA3MjU1FQIAERgSOTFCMDczQTg2RTgwNEZBMTM4AA==,read,2026-09-17T06:02:40.457531
wamid.HBgMOTE5NTM1NTA3MjU1FQIAERgSMTZCNDkyQkQ0MkJGMTUxMzBGAA==:read,wamid.HBgMOTE5NTM1NTA3MjU1FQIAERgSMTZCNDkyQkQ0MkJGMTUxMzBGAA==,read,2026-09-17T07:19:37.362832
wamid.HBgMOTE5NTM1NTA3MjU1FQIAERgSRjE5NzEwRTFDRDhDODczQzI4AA==:read,wamid.HBgMOTE5NTM1NTA3MjU1FQIAERgSRjE5NzEwRTFDRDhDODczQzI4AA==,read,2026-09-17T07:21:10.629370
wamid.HBgMOTE5NTM1NTA3MjU1FQIAERgSNUQyOEQzRDQyRTVDOTcwQjU5AA==:read,wamid.HBgMOTE5NTM1NTA3MjU1FQIAERgSNUQyOEQzRDQyRTVDOTcwQjU5AA==,read,2026-09-17T07:24:08.130356
wamid.HBgMOTE5NTM1NTA3MjU1FQIAERgSRTQ5NEQyRTgwQzg1OEFGQkREAA==:read,wamid.HBgMOTE5NTM1NTA3MjU1FQIAERgSRTQ5NEQyRTgwQzg1OEFGQkREAA==,read,2026-09-17T07:25:31.796639
wamid.HBgMOTE5NTM1NTA3MjU1FQIAERgSMEU3MEYxMzVBMDY0MjdGRUIzAA==:read,wamid.HBgMOTE5NTM1NTA3MjU1FQIAERgSMEU3MEYxMzVBMDY0MjdGRUIzAA==,read,2026-09-17T07:46:30.069033
wamid.HBgMOTE5NTM1NTA3MjU1FQIAERgSM0QzMTkyMTk1QTAzRTA2NkMwAA==:read,wamid.HBgMOTE5NTM1NTA3MjU1FQIAERgSM0QzMTkyMTk1QTAzRTA2NkMwAA==,read,2026-09-17T07:46:44.597527
wamid.HBgMOTE5NTM1NTA3MjU1FQIAERgSMjZGNzVEM0NDREY5RDc0MDk5AA==:read,wamid.HBgMOTE5NTM1NTA3MjU1FQIAERgSMjZGNzVEM0NDREY5RDc0MDk5AA==,read,2026-09-17T08:22:01.170980
wamid.HBgMOTE5NTM1NTA3MjU1FQIAERgSMTMzQ0M5QUNCRDkxOEIwNEMyAA==:read,wamid.HBgMOTE5NTM1NTA3MjU1FQIAERgSMTMzQ0M5QUNCRDkxOEIwNEMyAA==,read,2026-09-17T08:23:19.914154
wamid.HBgMOTE5NTM1NTA3MjU1FQIAERgSNDkxMzUyRjM4NEEwNkYyQUI2AA==:failed,wamid.HBgMOTE5NTM1NTA3MjU1FQIAERgSNDkxMzUyRjM4NEEwNkYyQUI2AA==,failed,2026-09-17T08:23:45.701858
wamid.HBgMOTE5NTM1NTA3MjU1FQIAERgSMzJFQkFGNkRBNkQ2MDkyMzA3AA==:read,wamid.HBgMOTE5NTM1NTA3MjU1FQIAERgSMzJFQkFGNkRBNkQ2MDkyMzA3AA==,read,2026-09-17T08:24:01.177860
wamid.HBgMOTE5NTM1NTA3MjU1FQIAERgSOTc2ODgyQkMzNTc0MUFGOTU0AA==:read,wamid.HBgMOTE5NTM1NTA3MjU1FQIAERgSOTc2ODgyQkMzNTc0MUFGOTU0AA==,read,2026-09-17T08:25:10.150590
wamid.HBgMOTE5NTM1NTA3MjU1FQIAERgSMENGOUE5RDY3NTM1RkU1MUJEAA==:read,wamid.HBgMOTE5NTM1NTA3MjU1FQIAERgSMENGOUE5RDY3NTM1RkU1MUJEAA==,read,2026-09-17T08:25:37.209087
wamid.HBgMOTE5NTM1NTA3MjU1FQIAERgSMEIwQkFCNUMwRDVGQ0M4ODkxAA==:read,wamid.HBgMOTE5NTM1NTA3MjU1FQIAERgSMEIwQkFCNUMwRDVGQ0M4ODkxAA==,read,2026-09-17T08:26:03.713120
wamid.HBgMOTE5NTM1NTA3MjU1FQIAERgSMjYxOThCOEQ4NDBCQjFGNEM1AA==:read,wamid.HBgMOTE5NTM1NTA3MjU1FQIAERgSMjYxOThCOEQ4NDBCQjFGNEM1AA==,read,2026-09-17T08:26:30.627571
wamid.HBgMOTE5NTM1NTA3MjU1FQIAERgSN0VFMDQwN0RDQzBBNjE1QjFBAA==:read,wamid.HBgMOTE5NTM1NTA3MjU1FQIAERgSN0VFMDQwN0RDQzBBNjE1QjFBAA==,read,2026-09-17T08:28:07.200944
wamid.HBgMOTE5NTM1NTA3MjU1FQIAERgSMDYwRkJBM0ZCRjMzMTI2RjMxAA==:failed,wamid.HBgMOTE5NTM1NTA3MjU1FQIAERgSMDYwRkJBM0ZCRjMzMTI2RjMxAA==,failed,2026-09-17T08:29:27.075105
wamid.HBgMOTE5NTM1NTA3MjU1FQIAERgSMjQ1QTcwOUY1NEY0N0NENkIxAA==:failed,wamid.HBgMOTE5NTM1NTA3MjU1FQIAERgSMjQ1QTcwOUY1NEY0N0NENkIxAA==,failed,2026-09-17T08:32:10.050400
wamid.HBgMOTE5NTM1NTA3MjU1FQIAERgSN0Y1MUQ5MzkwRTVENUZERTVDAA==:read,wamid.HBgMOTE5NTM1NTA3MjU1FQIAERgSN0Y1MUQ5MzkwRTVENUZERTVDAA==,read,2026-09-17T08:32:40.495356
wamid.HBgMOTE5NTM1NTA3MjU1FQIAERgSNEQ5NUNDNDcwRTk2MDUxQjk1AA==:read,wamid.HBgMOTE5NTM1NTA3MjU1FQIAERgSNEQ5NUNDNDcwRTk2MDUxQjk1AA==,read,2026-09-17T08:39:54.292886
wamid.HBgMOTE5NTM1NTA3MjU1FQIAERgSNTk2QTJCNjUzMzE5ODFCNDMzAA==:delivered,wamid.HBgMOTE5NTM1NTA3MjU1FQIAERgSNTk2QTJCNjUzMzE5ODFCNDMzAA==,delivered,2026-09-17T09:30:59.217269
wamid.HBgMOTE5NTM1NTA3MjU1FQIAERgSNTk2QTJCNjUzMzE5ODFCNDMzAA==:read,wamid.HBgMOTE5NTM1NTA3MjU1FQIAERgSNTk2QTJCNjUzMzE5ODFCNDMzAA==,read,2026-09-17T09:35:26.769248
wamid.HBgMOTE5NTM1NTA3MjU1FQIAERgSQUQyN0I5NUJFMzYwNEYyNTk4AA==:read,wamid.HBgMOTE5NTM1NTA3MjU1FQIAERgSQUQyN0I5NUJFMzYwNEYyNTk4AA==,read,2026-09-17T09:37:01.650178
wamid.HBgMOTE5NTM1NTA3MjU1FQIAERgSNUNBRjM4N0Q0REUyQjVBNDAzAA==:delivered,wamid.HBgMOTE5NTM1NTA3MjU1FQIAERgSNUNBRjM4N0Q0REUyQjVBNDAzAA==,delivered,2026-09-17T09:41:35.626555
wamid.HBgMOTE5NTM1NTA3MjU1FQIAERgSNUNBRjM4N0Q0REUyQjVBNDAzAA==:read,wamid.HBgMOTE5NTM1NTA3MjU1FQIAERgSNUNBRjM4N0Q0REUyQjVBNDAzAA==,read,2026-09-17T09:41:51.817441
wamid.HBgMOTE5NTM1NTA3MjU1FQIAERgSNTM5NEY4NkFEODBERDIxMjlDAA==:read,wamid.HBgMOTE5NTM1NTA3MjU1FQIAERgSNTM5NEY4NkFEODBERDIxMjlDAA==,read,2026-09-17T09:42:45.705290
wamid.HBgMOTE5NTM1NTA3MjU1FQIAERgSNDMwQUM4MUJEMTQwNjU1Mjk2AA==:read,wamid.HBgMOTE5NTM1NTA3MjU1FQIAERgSNDMwQUM4MUJEMTQwNjU1Mjk2AA==,read,2026-09-17T09:43:57.341385
wamid.HBgMOTE5NTM1NTA3MjU1FQIAERgSODM3MzM3QzlBNkEzOEU2ODcwAA==:read,wamid.HBgMOTE5NTM1NTA3MjU1FQIAERgSODM3MzM3QzlBNkEzOEU2ODcwAA==,read,2026-09-17T09:44:50.559547
wamid.HBgMOTE5NTM1NTA3MjU1FQIAERgSNTAzMDlGQzg0OUE4OUM0MTYyAA==:read,wamid.HBgMOTE5NTM1NTA3MjU1FQIAERgSNTAzMDlGQzg0OUE4OUM0MTYyAA==,read,2026-09-17T09:45:07.547362
wamid.HBgMOTE5NTM1NTA3MjU1FQIAERgSNENCOUUwNTQ5ODJDMTdFMUI4AA==:read,wamid.HBgMOTE5NTM1NTA3MjU1FQIAERgSNENCOUUwNTQ5ODJDMTdFMUI4AA==,read,2026-09-17T09:47:42.460198
wamid.HBgMOTE5NTM1NTA3MjU1FQIAERgSMEE2ODI3REZDQUFEQjJEODUxAA==:read,wamid.HBgMOTE5NTM1NTA3MjU1FQIAERgSMEE2ODI3REZDQUFEQjJEODUxAA==,read,2026-09-17T09:48:13.694587
wamid.HBgMOTE5NTM1NTA3MjU1FQIAERgSM0RFOTNGQ0I4OTFDM0U0MUZBAA==:read,wamid.HBgMOTE5NTM1NTA3MjU1FQIAERgSM0RFOTNGQ0I4OTFDM0U0MUZBAA==,read,2026-09-17T09:48:58.933442
wamid.HBgMOTE5NTM1NTA3MjU1FQIAERgSQ0Q5QTY3Njg2NUMyQTY3NTZGAA==:read,wamid.HBgMOTE5NTM1NTA3MjU1FQIAERgSQ0Q5QTY3Njg2NUMyQTY3NTZGAA==,read,2026-09-17T09:50:12.259977
wamid.HBgMOTE5NTM1NTA3MjU1FQIAERgSNTc4RTU2QTYyRjI4RjlERkEyAA==:read,wamid.HBgMOTE5NTM1NTA3MjU1FQIAERgSNTc4RTU2QTYyRjI4RjlERkEyAA==,read,2026-09-17T09:50:32.381612
wamid.HBgMOTE5NTM1NTA3MjU1FQIAERgSODA5QzZEQjMwQjhENUMyODczAA==:read,wamid.HBgMOTE5NTM1NTA3MjU1FQIAERgSODA5QzZEQjMwQjhENUMyODczAA==,read,2026-09-17T10:03:28.177692
wamid.HBgMOTE5NTM1NTA3MjU1FQIAERgSMzI3QTZBRjE2MkM3MjFGQUEzAA==:read,wamid.HBgMOTE5NTM1NTA3MjU1FQIAERgSMzI3QTZBRjE2MkM3MjFGQUEzAA==,read,2026-09-17T10:10:48.765089
wamid.HBgMOTE5NTM1NTA3MjU1FQIAERgSQTNDNzYxN0NBRkUxMDk3NUZEAA==:delivered,wamid.HBgMOTE5NTM1NTA3MjU1FQIAERgSQTNDNzYxN0NBRkUxMDk3NUZEAA==,delivered,2026-09-17T12:08:51.389526
wamid.HBgMOTE5NTM1NTA3MjU1FQIAERgSQTNDNzYxN0NBRkUxMDk3NUZEAA==:read,wamid.HBgMOTE5NTM1NTA3MjU1FQIAERgSQTNDNzYxN0NBRkUxMDk3NUZEAA==,read,2026-09-17T12:09:23.888238
wamid.HBgMOTE5NTM1NTA3MjU1FQIAERgSMTYyMjcyNjVEQzY2NkRBQUFBAA==:delivered,wamid.HBgMOTE5NTM1NTA3MjU1FQIAERgSMTYyMjcyNjVEQzY2NkRBQUFBAA==,delivered,2026-09-17T12:10:30.379683
wamid.HBgMOTE5NTM1NTA3MjU1FQIAERgSMTYyMjcyNjVEQzY2NkRBQUFBAA==:read,wamid.HBgMOTE5NTM1NTA3MjU1FQIAERgSMTYyMjcyNjVEQzY2NkRBQUFBAA==,read,2026-09-17T12:11:05.669358
wamid.HBgMOTE5NTM1NTA3MjU1FQIAERgSNjcyM0NGMUI2OUZDMEVCNDk5AA==:read,wamid.HBgMOTE5NTM1NTA3MjU1FQIAERgSNjcyM0NGMUI2OUZDMEVCNDk5AA==,read,2026-09-17T12:12:03.259779
wamid.HBgMOTE5NTM1NTA3MjU1FQIAERgSMDQ4MDlEMzg1OTI0RDNCRkRBAA==:read,wamid.HBgMOTE5NTM1NTA3MjU1FQIAERgSMDQ4MDlEMzg1OTI0RDNCRkRBAA==,read,2026-09-17T13:52:27.090671
wamid.HBgMOTE5NTM1NTA3MjU1FQIAERgSODIwN0Y1RDQ1QUFFMjc1QzQzAA==:read,wamid.HBgMOTE5NTM1NTA3MjU1FQIAERgSODIwN0Y1RDQ1QUFFMjc1QzQzAA==,read,2026-09-17T14:03:14.537216
wamid.HBgMOTE5NTM1NTA3MjU1FQIAERgSNzI5NkQ0OTcyRDhBQzIwMzRCAA==:read,wamid.HBgMOTE5NTM1NTA3MjU1FQIAERgSNzI5NkQ0OTcyRDhBQzIwMzRCAA==,read,2026-09-17T15:01:30.249936
wamid.HBgMOTE5NTM1NTA3MjU1FQIAERgSNzI5NkQ0OTcyRDhBQzIwMzRCAA==:delivered,wamid.HBgMOTE5NTM1NTA3MjU1FQIAERgSNzI5NkQ0OTcyRDhBQzIwMzRCAA==,delivered,2026-09-17T15:02:04.872288
wamid.HBgMOTE5NTM1NTA3MjU1FQIAERgSMjk2MzBGMTdBQzIxMTlDMzMzAA==:delivered,wamid.HBgMOTE5NTM1NTA3MjU1FQIAERgSMjk2MzBGMTdBQzIxMTlDMzMzAA==,delivered,2026-09-17T15:02:38.232032
wamid.HBgMOTE5NTM1NTA3MjU1FQIAERgSMjk2MzBGMTdBQzIxMTlDMzMzAA==:read,wamid.HBgMOTE5NTM1NTA3MjU1FQIAERgSMjk2MzBGMTdBQzIxMTlDMzMzAA==,read,2026-09-17T15:02:55.343365
wamid.HBgMOTE5NTM1NTA3MjU1FQIAERgSMEVDNjY2OEY2NTNGRDhGMEUyAA==:delivered,wamid.HBgMOTE5NTM1NTA3MjU1FQIAERgSMEVDNjY2OEY2NTNGRDhGMEUyAA==,delivered,2026-09-18T05:46:38.130793
wamid.HBgMOTE5NTM1NTA3MjU1FQIAERgSMEVDNjY2OEY2NTNGRDhGMEUyAA==:read,wamid.HBgMOTE5NTM1NTA3MjU1FQIAERgSMEVDNjY2OEY2NTNGRDhGMEUyAA==,read,2026-09-18T06:38:29.649200
wamid.HBgMOTE5NTM1NTA3MjU1FQIAERgSREFERDQ4QTIzODRFOTI5MTlFAA==:read,wamid.HBgMOTE5NTM1NTA3MjU1FQIAERgSREFERDQ4QTIzODRFOTI5MTlFAA==,read,2026-09-18T06:40:22.224012
wamid.HBgMOTE5NTM1NTA3MjU1FQIAERgSQUQxQkREMDNCNUI0NUJDNzFEAA==:read,wamid.HBgMOTE5NTM1NTA3MjU1FQIAERgSQUQxQkREMDNCNUI0NUJDNzFEAA==,read,2026-09-18T06:44:52.428059
wamid.HBgMOTE5NTM1NTA3MjU1FQIAERgSQkI0QjM2OTFGN0Y3ODkxQjVGAA==:read,wamid.HBgMOTE5NTM1NTA3MjU1FQIAERgSQkI0QjM2OTFGN0Y3ODkxQjVGAA==,read,2026-09-18T06:49:03.466660
wamid.HBgMOTE5NTM1NTA3MjU1FQIAERgSNTFCRDA2MEFGQUExNjVCODU4AA==:read,wamid.HBgMOTE5NTM1NTA3MjU1FQIAERgSNTFCRDA2MEFGQUExNjVCODU4AA==,read,2026-09-18T06:49:21.884443
wamid.HBgMOTE5NTM1NTA3MjU1FQIAERgSMDk5RUMyNjUzNTIzRUY0NzA0AA==:read,wamid.HBgMOTE5NTM1NTA3MjU1FQIAERgSMDk5RUMyNjUzNTIzRUY0NzA0AA==,read,2026-09-18T06:50:51.383467
wamid.HBgMOTE5NTM1NTA3MjU1FQIAERgSNTU2MkZDMkU0RTFDNkRERTUwAA==:read,wamid.HBgMOTE5NTM1NTA3MjU1FQIAERgSNTU2MkZDMkU0RTFDNkRERTUwAA==,read,2026-09-18T06:52:45.159008
wamid.HBgMOTE5NTM1NTA3MjU1FQIAERgSMEU5MTc0MEVERDk1RjNEQ0JBAA==:read,wamid.HBgMOTE5NTM1NTA3MjU1FQIAERgSMEU5MTc0MEVERDk1RjNEQ0JBAA==,read,2026-09-18T06:55:00.107278
wamid.HBgMOTE5NTM1NTA3MjU1FQIAERgSOTk5MEI1MzM5MTExRjVEMEVEAA==:read,wamid.HBgMOTE5NTM1NTA3MjU1FQIAERgSOTk5MEI1MzM5MTExRjVEMEVEAA==,read,2026-09-18T06:56:11.239763
wamid.HBgMOTE5NTM1NTA3MjU1FQIAERgSRjQ1N0U1QzYzQzdBNjczNzgwAA==:read,wamid.HBgMOTE5NTM1NTA3MjU1FQIAERgSRjQ1N0U1QzYzQzdBNjczNzgwAA==,read,2026-09-18T06:57:17.611874
wamid.HBgMOTE5NTM1NTA3MjU1FQIAERgSNTU2MkZDMkU0RTFDNkRERTUwAA==:delivered,wamid.HBgMOTE5NTM1NTA3MjU1FQIAERgSNTU2MkZDMkU0RTFDNkRERTUwAA==,delivered,2026-09-18T06:59:38.013035
wamid.HBgMOTE5NTM1NTA3MjU1FQIAERgSQzgwNzYzNDU1NDM2M0FFNTY2AA==:read,wamid.HBgMOTE5NTM1NTA3MjU1FQIAERgSQzgwNzYzNDU1NDM2M0FFNTY2AA==,read,2026-09-18T07:36:18.149380
wamid.HBgMOTE5NTM1NTA3MjU1FQIAERgSRkJBNDg3QzJDMTA5MDk2N0U0AA==:delivered,wamid.HBgMOTE5NTM1NTA3MjU1FQIAERgSRkJBNDg3QzJDMTA5MDk2N0U0AA==,delivered,2026-09-18T12:31:05.648618
wamid.HBgMOTE5NTM1NTA3MjU1FQIAERgSRkJBNDg3QzJDMTA5MDk2N0U0AA==:read,wamid.HBgMOTE5NTM1NTA3MjU1FQIAERgSRkJBNDg3QzJDMTA5MDk2N0U0AA==,read,2026-09-18T13:22:19.500858
wamid.HBgMOTE5NTM1NTA3MjU1FQIAERgSRDIxRkU5MzBBNUFBMkYxNTAxAA==:delivered,wamid.HBgMOTE5NTM1NTA3MjU1FQIAERgSRDIxRkU5MzBBNUFBMkYxNTAxAA==,delivered,2026-09-18T15:29:35.524990
wamid.HBgMOTE5NTM1NTA3MjU1FQIAERgSMUU3RTM1QTNCOTQ4QkI4QTREAA==:delivered,wamid.HBgMOTE5NTM1NTA3MjU1FQIAERgSMUU3RTM1QTNCOTQ4QkI4QTREAA==,delivered,2026-09-18T15:30:29.230080
wamid.HBgMOTE5NTM1NTA3MjU1FQIAERgSMUU3RTM1QTNCOTQ4QkI4QTREAA==:read,wamid.HBgMOTE5NTM1NTA3MjU1FQIAERgSMUU3RTM1QTNCOTQ4QkI4QTREAA==,read,2026-09-18T15:31:48.534496
wamid.HBgMOTE5NTM1NTA3MjU1FQIAERgSRDIxRkU5MzBBNUFBMkYxNTAxAA==:read,wamid.HBgMOTE5NTM1NTA3MjU1FQIAERgSRDIxRkU5MzBBNUFBMkYxNTAxAA==,read,2026-09-18T15:32:07.271349
wamid.HBgMOTE5NTM1NTA3MjU1FQIAERgSODZERjA3MUY3NTA2NDNFQUU1AA==:read,wamid.HBgMOTE5NTM1NTA3MjU1FQIAERgSODZERjA3MUY3NTA2NDNFQUU1AA==,read,2026-09-18T16:11:19.457292
wamid.HBgMOTE5NTM1NTA3MjU1FQIAERgSNUJFQzdCRDRDMDI4ODBFNUFDAA==:delivered,wamid.HBgMOTE5NTM1NTA3MjU1FQIAERgSNUJFQzdCRDRDMDI4ODBFNUFDAA==,delivered,2026-09-19T05:46:38.519732
wamid.HBgMOTE5NTM1NTA3MjU1FQIAERgSNUJFQzdCRDRDMDI4ODBFNUFDAA==:read,wamid.HBgMOTE5NTM1NTA3MjU1FQIAERgSNUJFQzdCRDRDMDI4ODBFNUFDAA==,read,2026-09-19T05:52:20.412405
wamid.HBgMOTE5NTM1NTA3MjU1FQIAERgSNjNEQTA3QzJCRDVCQTNDNTNDAA==:read,wamid.HBgMOTE5NTM1NTA3MjU1FQIAERgSNjNEQTA3QzJCRDVCQTNDNTNDAA==,read,2026-09-19T05:56:41.861675
wamid.HBgMOTE5NTM1NTA3MjU1FQIAERgSRkUzMTY4NDVFNjkwNDNCNzNEAA==:read,wamid.HBgMOTE5NTM1NTA3MjU1FQIAERgSRkUzMTY4NDVFNjkwNDNCNzNEAA==,read,2026-09-19T06:00:18.607657
wamid.HBgMOTE5NTM1NTA3MjU1FQIAERgSMTk5NEY4MEIwNEVGRERDMjJCAA==:read,wamid.HBgMOTE5NTM1NTA3MjU1FQIAERgSMTk5NEY4MEIwNEVGRERDMjJCAA==,read,2026-09-19T07:08:18.158937
wamid.HBgMOTE5NTM1NTA3MjU1FQIAERgSOEMyRDVGMEYxNkQ5OEIwODhGAA==:read,wamid.HBgMOTE5NTM1NTA3MjU1FQIAERgSOEMyRDVGMEYxNkQ5OEIwODhGAA==,read,2026-09-19T07:26:54.052682
wamid.HBgMOTE5NTM1NTA3MjU1FQIAERgSRUJBN0Y5NzMyNkYwMEU4RjkzAA==:delivered,wamid.HBgMOTE5NTM1NTA3MjU1FQIAERgSRUJBN0Y5NzMyNkYwMEU4RjkzAA==,delivered,2026-09-20T05:46:31.768598
wamid.HBgMOTE5NTM1NTA3MjU1FQIAERgSRUJBN0Y5NzMyNkYwMEU4RjkzAA==:read,wamid.HBgMOTE5NTM1NTA3MjU1FQIAERgSRUJBN0Y5NzMyNkYwMEU4RjkzAA==,read,2026-09-20T05:50:12.032535
wamid.HBgMOTE5NTM1NTA3MjU1FQIAERgSMEZEMkFFQTgxMDU4Q0IzMjYxAA==:delivered,wamid.HBgMOTE5NTM1NTA3MjU1FQIAERgSMEZEMkFFQTgxMDU4Q0IzMjYxAA==,delivered,2026-09-20T06:02:22.925541
wamid.HBgMOTE5NTM1NTA3MjU1FQIAERgSMEZEMkFFQTgxMDU4Q0IzMjYxAA==:read,wamid.HBgMOTE5NTM1NTA3MjU1FQIAERgSMEZEMkFFQTgxMDU4Q0IzMjYxAA==,read,2026-09-20T06:24:29.795720
wamid.HBgMOTE5NTM1NTA3MjU1FQIAERgSRkM2MjhEOUYzNjI5MjVENDQ5AA==:read,wamid.HBgMOTE5NTM1NTA3MjU1FQIAERgSRkM2MjhEOUYzNjI5MjVENDQ5AA==,read,2026-09-20T06:28:04.475222
wamid.HBgMOTE5NTM1NTA3MjU1FQIAERgSRkMwNTAxRjA0OUUyMTFENDU2AA==:read,wamid.HBgMOTE5NTM1NTA3MjU1FQIAERgSRkMwNTAxRjA0OUUyMTFENDU2AA==,read,2026-09-20T08:03:31.174885
wamid.HBgMOTE5NTM1NTA3MjU1FQIAERgSNDk1QzEyMUUxNjI0RTMxRTk0AA==:read,wamid.HBgMOTE5NTM1NTA3MjU1FQIAERgSNDk1QzEyMUUxNjI0RTMxRTk0AA==,read,2026-09-20T08:03:46.268333
wamid.HBgMOTE5NTM1NTA3MjU1FQIAERgSOTU3NUQzMTZGMEUwREYyQUMyAA==:delivered,wamid.HBgMOTE5NTM1NTA3MjU1FQIAERgSOTU3NUQzMTZGMEUwREYyQUMyAA==,delivered,2026-09-20T08:10:43.314743
wamid.HBgMOTE5NTM1NTA3MjU1FQIAERgSOTU3NUQzMTZGMEUwREYyQUMyAA==:read,wamid.HBgMOTE5NTM1NTA3MjU1FQIAERgSOTU3NUQzMTZGMEUwREYyQUMyAA==,read,2026-09-20T08:10:47.462003
wamid.HBgMOTE5NTM1NTA3MjU1FQIAERgSNzJEQkZDNEIzMzBFMzkxQjA3AA==:read,wamid.HBgMOTE5NTM1NTA3MjU1FQIAERgSNzJEQkZDNEIzMzBFMzkxQjA3AA==,read,2026-09-20T08:43:38.239001
wamid.HBgMOTE5NTM1NTA3MjU1FQIAERgSNjJFNjBERjFDNTdFNzg0NjM1AA==:read,wamid.HBgMOTE5NTM1NTA3MjU1FQIAERgSNjJFNjBERjFDNTdFNzg0NjM1AA==,read,2026-09-20T08:45:14.279737
wamid.HBgMOTE5NTM1NTA3MjU1FQIAERgSREUxQTdEQTk4OUMzMzlBN0U5AA==:read,wamid.HBgMOTE5NTM1NTA3MjU1FQIAERgSREUxQTdEQTk4OUMzMzlBN0U5AA==,read,2026-09-20T08:45:22.367519
wamid.HBgMOTE5NTM1NTA3MjU1FQIAERgSQTY1QjFEMzlERUU4MTZGQTY5AA==:read,wamid.HBgMOTE5NTM1NTA3MjU1FQIAERgSQTY1QjFEMzlERUU4MTZGQTY5AA==,read,2026-09-20T08:45:28.081138
wamid.HBgMOTE5NTM1NTA3MjU1FQIAERgSQzQzMEI1MDc5MTg4MTA0NTQzAA==:read,wamid.HBgMOTE5NTM1NTA3MjU1FQIAERgSQzQzMEI1MDc5MTg4MTA0NTQzAA==,read,2026-09-20T08:45:43.748152
wamid.HBgMOTE5NTM1NTA3MjU1FQIAERgSOEJCQ0VENkE2RDIxRkI0MzE0AA==:read,wamid.HBgMOTE5NTM1NTA3MjU1FQIAERgSOEJCQ0VENkE2RDIxRkI0MzE0AA==,read,2026-09-20T08:45:47.246639
wamid.HBgMOTE5NTM1NTA3MjU1FQIAERgSRkFGNEY1QUNGMDg3QjU2RkRDAA==:read,wamid.HBgMOTE5NTM1NTA3MjU1FQIAERgSRkFGNEY1QUNGMDg3QjU2RkRDAA==,read,2026-09-20T08:45:56.042164
wamid.HBgMOTE5NTM1NTA3MjU1FQIAERgSQkIwODQ5QUExQ0EwRTc2NUIyAA==:read,wamid.HBgMOTE5NTM1NTA3MjU1FQIAERgSQkIwODQ5QUExQ0EwRTc2NUIyAA==,read,2026-09-20T08:46:07.756473
wamid.HBgMOTE5NTM1NTA3MjU1FQIAERgSNzZBMTM2MjNCNTZFRENGODlFAA==:read,wamid.HBgMOTE5NTM1NTA3MjU1FQIAERgSNzZBMTM2MjNCNTZFRENGODlFAA==,read,2026-09-20T08:46:12.939703
wamid.HBgMOTE5NTM1NTA3MjU1FQIAERgSMTg2RkMwQTcwMTFFMzMyQ0Y0AA==:read,wamid.HBgMOTE5NTM1NTA3MjU1FQIAERgSMTg2RkMwQTcwMTFFMzMyQ0Y0AA==,read,2026-09-20T08:46:29.515711
wamid.HBgMOTE5NTM1NTA3MjU1FQIAERgSNDgxNkQ2Qjg5NDQ0MDAwRTM5AA==:read,wamid.HBgMOTE5NTM1NTA3MjU1FQIAERgSNDgxNkQ2Qjg5NDQ0MDAwRTM5AA==,read,2026-09-20T08:46:40.993597
wamid.HBgMOTE5NTM1NTA3MjU1FQIAERgSNkZFMUNEOUZBMTJDQjcyNUZBAA==:read,wamid.HBgMOTE5NTM1NTA3MjU1FQIAERgSNkZFMUNEOUZBMTJDQjcyNUZBAA==,read,2026-09-20T09:20:09.201019
wamid.HBgMOTE5NTM1NTA3MjU1FQIAERgSRTNCOTg2ODhGNTc2OTkwQjBBAA==:read,wamid.HBgMOTE5NTM1NTA3MjU1FQIAERgSRTNCOTg2ODhGNTc2OTkwQjBBAA==,read,2026-09-20T09:49:30.921387
wamid.HBgMOTE5NTM1NTA3MjU1FQIAERgSNEI3RjUyMTJBMjAxRDAzQzJCAA==:read,wamid.HBgMOTE5NTM1NTA3MjU1FQIAERgSNEI3RjUyMTJBMjAxRDAzQzJCAA==,read,2026-09-20T09:49:44.065887
wamid.HBgMOTE5NTM1NTA3MjU1FQIAERgSNzc0NDA5MDZEQTQ4RDU3MkQ4AA==:read,wamid.HBgMOTE5NTM1NTA3MjU1FQIAERgSNzc0NDA5MDZEQTQ4RDU3MkQ4AA==,read,2026-09-20T09:50:02.519987
