id,reason,created_at
image-1925aeb5a1d6441c8344520ca9abaa8e,"Image approved; regenerate, deploy then deliver",2026-09-20T12:08:30.026483+05:30
image-38bee76594d74623903e2ab605828410,"Image approved; regenerate, deploy then deliver",2026-09-21T21:27:26.925249+05:30
image-6fd84d6d3bba41b999106fa27a4fb43e,"Image approved; regenerate, deploy then deliver",2026-09-17T15:19:14.855429+05:30
image-7056e65eb3ed4ad88fdad6482be5d876,"Image approved; regenerate, deploy then deliver",2026-09-21T12:11:32.683644+05:30
image-be72bd7be64d45958706e7ddaba7cb92,"Image approved; regenerate, deploy then deliver",2026-09-18T12:11:44.981754+05:30
image-d675a9d013fb4ecdb86dfa9d227cd799,"Image approved; regenerate, deploy then deliver",2026-09-19T11:25:47.230736+05:30
payment-DD2609160001,Payment approved; publish subscriber pages,2026-09-16T22:20:20.886491+05:30
payment-DD2609160004,Payment approved; publish subscriber pages,2026-09-16T23:13:57.762810+05:30
payment-DD2609200001,Payment approved; publish subscriber pages,2026-09-20T22:07:28.066650+05:30
